t,alt,asp,gsp,roll,pitch,yaw,p,q,r,navroll,navpitch,ail,elev,rud,thr,armed,mode
1.253,0.11,1.176198124885559,0.6650623679161072,0.01742821317553936,0.002991099044655763,-6.998522170315477,0.007960877294814107,0.005311677701454914,0.011137583937057823,0.009999999776482582,0.0,1500,1500,1500,0,True,13
1.304,0.11,1.176198124885559,0.7300889492034912,0.01781983681253765,0.0021585330023749265,-6.998765922691482,0.011207379932638891,0.0016872543269015104,0.006536718236208651,0.0,5.0,1500,1402,1500,0,True,13
1.356,0.112,0.8238102197647095,0.7714700698852539,0.0180763941257096,0.0015677716649684086,-6.998865814208093,0.008765338009124733,0.00040718416195922326,0.011617057880707429,0.0,5.0,1500,1402,1500,0,True,13
1.407,0.112,0.7764011025428772,0.8702554702758789,0.018593098936937058,-0.0007260493901674781,-6.999038276484637,0.011921672478250763,0.004782639863103089,0.016226580129293133,0.0,5.0,1500,1402,1500,0,True,13
1.459,0.112,0.7764011025428772,0.8702554702758789,0.018593098936937058,-0.0007260493901674781,-6.999038276484637,0.011921672478250763,0.004782639863103089,0.016226580129293133,0.0,5.0,1500,1402,1500,0,True,13
1.510,0.113,0.8705444931983948,0.9594740271568298,0.019143679552116863,-0.003477750439900835,-6.999414790662633,0.005755886791450362,-0.0016861345827541316,0.011602015122772204,0.0,5.0,1500,1402,1500,8,True,13
1.561,0.113,0.8705444931983948,0.9594740271568298,0.019143679552116863,-0.003477750439900835,-6.999414790662633,0.005755886791450362,-0.0016861345827541316,0.011602015122772204,0.0,5.0,1500,1402,1500,8,True,13
1.613,0.11,0.2225119173526764,1.0356695652008057,0.019613253390028586,-0.006311784315362729,-6.999722576062107,0.006270988275801117,0.0022053940448137316,0.012041264154738794,0.0,5.0,1500,1402,1500,18,True,13
1.664,0.108,0.2225119173526764,1.0813242197036743,0.019839476725858812,-0.007690492016873521,-6.999846373240813,0.006516659141220034,0.005049999413932106,0.01160096374721759,0.0,5.0,1500,1402,1500,24,True,13
1.715,0.107,0.4015778601169586,1.1139988899230957,0.019996372641097417,-0.008528437500136404,-6.999977854382336,0.005450244997488882,0.0023830923550464556,0.011245434558383243,0.0,5.0,1500,1402,1500,28,True,13
1.766,0.103,0.4015778601169586,1.1689931154251099,0.020231223759829414,-0.009718228605857523,-7.000188309586137,0.008909165517985072,0.002243205211666768,0.008835920243522614,0.0,5.0,1500,1402,1500,34,True,13
1.817,0.1,0.11679969727993011,1.211216688156128,0.02025671857482461,-0.010766143208902122,-7.0003586374285645,0.004716866775571985,0.0019028129960235304,0.009516447041941227,0.0,5.0,1500,1402,1500,38,True,13
1.868,0.097,0.11679969727993011,1.2854032516479492,0.020414143096012166,-0.01199018864712578,-7.0006066586728,0.009850766125514838,0.0033016727571338346,0.009196152691281285,0.0,5.0,1500,1402,1500,44,True,13
1.918,0.096,0.7517743706703186,1.34354567527771,0.020588374618333644,-0.01281004646878536,-7.000766741231472,0.00940136936010242,-0.0038423907859254434,0.011182044366439041,0.0,5.0,1500,1402,1500,48,True,13
1.969,0.093,0.7517743706703186,1.4464110136032104,0.02079990370929909,-0.013774568897685,-7.000896514825703,0.011486284604248812,-0.0017323750968372502,0.011363487941534033,0.0,5.0,1500,1402,1500,54,True,13
2.020,0.09,0.7419753074645996,1.5269289016723633,0.02084561561743326,-0.015684448871663245,-7.001037387477334,0.010276060460687178,0.000925235500958844,0.010549589860131686,0.0,5.0,1500,1402,1500,58,True,13
2.072,0.087,0.7419753074645996,1.6678392887115479,0.020924981548474948,-0.018384576396526676,-7.001208995980231,0.008401937260725677,-0.0005567754766950848,0.009465258976279147,0.0,5.0,1500,1402,1500,64,True,13
2.124,0.086,0.37290164828300476,1.776619553565979,0.021055035287182867,-0.020079190352310476,-7.001337488913991,0.010883168561871439,-9.099025933860248e-05,0.008778182966931523,0.0,5.0,1500,1402,1500,68,True,13
2.175,0.084,0.37290164828300476,1.9653364419937134,0.02107953458876632,-0.02251838830911822,-7.001414755428978,0.007881519701405684,-0.007803796284117037,0.009958655099953273,0.0,5.0,1500,1402,1500,74,True,13
2.226,0.082,0.5596935749053955,2.1101913452148438,0.02088688856961758,-0.029856341012445928,-7.001548797891439,0.006109113959740472,-0.0053897813148204065,0.011521318505461552,0.0,5.0,1500,1402,1500,78,True,13
2.277,0.08,0.5596935749053955,2.3563902378082275,0.020729794218707288,-0.040629033432277056,-7.0016721681833225,0.009913480135401316,-0.010285661245390876,0.010834205810527566,0.0,5.0,1500,1401,1500,84,True,13
2.328,0.079,1.222227692604065,2.5412397384643555,0.020706688969405605,-0.047591467471019555,-7.001626064406425,0.009884881219541867,-0.007407780381915177,0.010450906466580229,0.0,5.0,1500,1401,1500,88,True,13
2.378,0.078,1.222227692604065,2.8487207889556885,0.02057876799728666,-0.057540588487335245,-7.001459151658582,0.007897748070791074,-0.018701448148731675,0.009400920795432808,0.0,5.0,1500,1401,1500,90,True,13
2.429,0.077,1.246943473815918,3.057400941848755,0.020474334138072904,-0.07402709766869235,-7.001334927593053,0.007856076579736724,-0.0220404034667696,0.009636212974964479,0.0,5.0,1500,1401,1500,90,True,13
2.481,0.075,1.246943473815918,3.3673713207244873,0.020374044082591438,-0.09727016471317963,-7.000679656319555,0.009712152138734591,-0.020286880796921092,0.01052588430123498,0.0,5.0,1500,1400,1500,90,True,13
2.532,0.075,2.199504852294922,3.572075843811035,0.02039788304362037,-0.11175961062456832,-7.00007262325707,0.011338084006741415,-0.018225634426085043,0.013059096576966247,0.0,5.0,1500,1400,1500,90,True,13
2.583,0.075,2.199504852294922,3.8768703937530518,0.020465079365149668,-0.13186439250841986,-6.998801354297801,0.010416772195996692,-0.025519707833070043,0.011038924722642833,0.0,5.0,1500,1400,1500,90,True,13
2.634,0.074,2.65733003616333,4.079000949859619,0.020338030509470157,-0.146779924830141,-6.998058571225562,0.007983874154883356,-0.02300927980775979,0.008127266439287304,0.0,5.0,1500,1399,1500,90,True,13
2.685,0.074,2.65733003616333,4.379508018493652,0.020251157373437405,-0.16581905046112508,-6.996499153660684,0.00466828422030496,-0.02341291630676511,0.011115179882713657,0.0,5.0,1500,1399,1500,90,True,13
2.737,0.074,3.063370943069458,4.578144550323486,0.020144270582517325,-0.1764006276512748,-6.9952594743263266,0.006557042467935069,-0.02160700995464444,0.011598159801150849,0.0,5.0,1500,1399,1500,90,True,13
2.788,0.073,3.063370943069458,4.873818874359131,0.020164044113566645,-0.1893025748489512,-6.993243714747527,0.008630711912334742,-0.02489888099011291,0.010512571602202071,0.0,5.0,1500,1399,1500,90,True,13
2.838,0.073,3.5807440280914307,5.069594383239746,0.019979912485507283,-0.19763062984003302,-6.992046297208659,0.006386588727245587,-0.02462012222708511,0.011156330271688997,0.0,5.0,1500,1398,1500,90,True,13
2.889,0.072,3.5807440280914307,5.339562892913818,0.01975201995549757,-0.2074072452241129,-6.989804287613602,0.007286844678944961,-0.023669073413540378,0.011538689130604136,0.0,5.0,1500,1398,1500,90,True,13
2.940,0.072,3.8615775108337402,5.514916896820068,0.019579144132344843,-0.21248188901444728,-6.988267921937172,0.006373020062871468,-0.025266262124632285,0.014548928254621972,0.0,5.0,1500,1398,1500,90,True,13
2.990,0.072,3.8615775108337402,5.7746076583862305,0.01929537111667197,-0.21830745340708635,-6.9858184453460765,0.005399964900089271,-0.0220993688767405,0.012705115686629055,0.0,5.0,1500,1398,1500,90,True,13
3.041,0.071,4.3435773849487305,5.945132732391357,0.019106940604901597,-0.21840801193435894,-6.984456676380305,0.006877545259426616,-0.023330355394656586,0.01310623922296855,0.0,5.0,1500,1398,1500,90,True,13
3.092,0.07,4.3435773849487305,6.198318958282471,0.018828155161447355,-0.21640141708204289,-6.981885537044619,0.0110538457511324,-0.02180812700918958,0.013992866479334301,0.0,5.0,1500,1398,1500,90,True,13
3.145,0.07,4.842597961425781,6.365486145019531,0.018532786165430665,-0.21422698900717232,-6.9800755369145655,0.007697555659774931,-0.019274960590441266,0.013791525142454355,0.0,5.0,1500,1398,1500,90,True,13
3.196,0.069,4.842597961425781,6.621419906616211,0.018246261730780613,-0.2149586596817967,-6.977266621618398,0.008090072257295815,-0.026290490345336686,0.015967154670278306,0.0,5.0,1500,1394,1500,90,True,13
3.247,0.068,5.315789699554443,6.789144039154053,0.018026625125229085,-0.22181079350256078,-6.975511689888528,0.007213487680196764,-0.03327874269924503,0.011023204948886556,0.0,5.0,1500,1392,1500,90,True,13
3.299,0.067,5.315789699554443,7.037564754486084,0.017807898989230006,-0.2325090842181957,-6.972885482152657,0.006859779430467311,-0.03097264004975997,0.01419630473098019,0.0,5.0,1500,1388,1500,90,True,13
3.350,0.065,5.642222881317139,7.201244831085205,0.017693745117156868,-0.24011057783631742,-6.971249651846439,0.007106545860897141,-0.030118903089094737,0.014461388107928087,0.0,5.0,1500,1386,1500,90,True,13
3.402,0.062,5.642222881317139,7.445736885070801,0.017635706852004943,-0.2533502058512996,-6.9692206587761225,0.009737603598036814,-0.03455850270422989,0.01397576766103613,0.0,8.40999984741211,1500,1322,1500,90,True,13
3.453,0.061,6.04566764831543,7.60739803314209,0.017573227963376514,-0.25037886011893246,-6.968226439365062,0.007919450930177725,0.4492448604044519,0.015212653888249945,0.0,8.40999984741211,1500,1316,1500,90,True,13
3.504,0.06,6.04566764831543,7.846652030944824,0.017578127156682544,-0.19786365668460681,-6.967097323717895,0.007588319323801006,1.3308917082460745,0.011152871821411016,0.0,8.40999984741211,1500,1312,1500,90,True,13
3.556,0.06,6.4150309562683105,8.004029273986816,0.01755334604309476,-0.13823385073436087,-6.966427965179234,0.009032137270998398,1.758443727764007,0.013903545414175187,0.0,8.40999984741211,1500,1310,1500,90,True,13
3.607,0.057,6.808994293212891,8.3910551071167,0.017500362051227576,0.07639671974343722,-6.965567788230635,0.0022525400258693396,2.6388365422018447,0.01454965029366265,0.0,9.389999389648438,1500,1289,1500,90,True,13
3.659,0.057,6.808994293212891,8.3910551071167,0.017500362051227576,0.07639671974343722,-6.965567788230635,0.0022525400258693396,2.6388365422018447,0.01454965029366265,0.0,9.389999389648438,1500,1289,1500,90,True,13
3.709,0.055,7.211644172668457,8.767190933227539,0.017859408887536083,0.36819316663845264,-6.965460639638031,0.007310875405538968,3.1369633055879325,0.01482074010161406,0.0,9.389999389648438,1500,1293,1500,90,True,13
3.761,0.055,7.211644172668457,8.767190933227539,0.017859408887536083,0.36819316663845264,-6.965460639638031,0.007310875405538968,3.1369633055879325,0.01482074010161406,0.0,9.389999389648438,1500,1293,1500,90,True,13
3.813,0.055,7.480907917022705,9.131651878356934,0.018010616869361867,0.6957066337148085,-6.966649519440436,0.008994573731853308,3.3945976141939904,0.011717187019866895,0.0,10.34000015258789,1500,1287,1500,90,True,13
3.863,0.055,7.480907917022705,9.131651878356934,0.018010616869361867,0.6957066337148085,-6.966649519440436,0.008994573731853308,3.3945976141939904,0.011717187019866895,0.0,10.34000015258789,1500,1287,1500,90,True,13
3.914,0.056,7.79736852645874,9.484885215759277,0.017957042573059582,1.0464626742477623,-6.9682985832381705,0.005601174502363644,3.4557865042037843,0.016459453561414865,0.0,10.34000015258789,1500,1295,1500,90,True,13
3.966,0.056,7.79736852645874,9.484885215759277,0.017957042573059582,1.0464626742477623,-6.9682985832381705,0.005601174502363644,3.4557865042037843,0.016459453561414865,0.0,10.34000015258789,1500,1295,1500,90,True,13
4.017,0.06,8.189300537109375,9.818312644958496,0.018023918729471535,1.406428477824538,-6.970617859348213,0.010075973937613489,3.452223706777976,0.013116030105710672,0.0,11.229999542236328,1500,1291,1500,90,True,13
4.067,0.062,8.189300537109375,10.010763168334961,0.018272752059187554,1.6370025374343573,-6.972549095336034,0.008734503773787159,3.5150211063373082,0.014024162619554711,0.0,11.229999542236328,1500,1296,1500,90,True,13
4.117,0.063,8.46323013305664,10.137423515319824,0.01854492909451661,1.7895454210364834,-6.973609482204679,0.010873870433255231,3.4746549017859443,0.014351141250802543,0.0,11.229999542236328,1500,1296,1500,90,True,13
4.169,0.064,8.46323013305664,10.322418212890625,0.01890704251233968,2.0148902237847173,-6.975045956364497,0.010022894062963767,3.418096453146596,0.010920671236293701,0.0,12.0,1500,1297,1500,90,True,13
4.220,0.064,8.833900451660156,10.440930366516113,0.019120907808145744,2.1710204508049813,-6.976765029601225,0.007341795518499164,3.4115394715433838,0.011519131544256359,0.0,12.0,1500,1295,1500,90,True,13
4.273,0.064,8.833900451660156,10.616840362548828,0.01952172451958112,2.403243254047418,-6.978872142960173,0.008736661553275928,3.41450932317187,0.011889193227870166,0.0,12.0,1500,1299,1500,90,True,13
4.323,0.065,9.152105331420898,10.732725143432617,0.019798690691457118,2.553925337987539,-6.980142558145796,0.006891285679045978,3.359980507933073,0.011367557540330277,0.0,12.0,1500,1299,1500,90,True,13
4.373,0.067,9.152105331420898,10.902276992797852,0.020263291964890087,2.772936634384467,-6.981595254004893,0.008254235253687478,3.282312932776977,0.013411063095106814,0.0,12.0,1500,1304,1500,90,True,13
4.424,0.068,9.399748802185059,11.011351585388184,0.02066581455609131,2.91918464489278,-6.9831751621372815,0.012366770359952173,3.2020787005968376,0.007869198346967884,0.0,12.0,1500,1305,1500,90,True,13
4.477,0.071,9.399748802185059,11.173213958740234,0.021152110351277665,3.129483608116534,-6.985035108025641,0.009272088519998091,3.0991422002760447,0.011810991230432158,0.0,12.0,1500,1309,1500,90,True,13
4.527,0.072,9.745014190673828,11.279743194580078,0.021449081840407728,3.263186268666826,-6.986022070360708,0.007809883590163212,3.0165370386802643,0.013496224515030431,0.0,12.0,1500,1309,1500,90,True,13
4.578,0.075,9.745014190673828,11.43578052520752,0.021928310657639366,3.4561222506901728,-6.98729248554633,0.01029537708943362,2.935888512838281,0.011167852880860087,0.0,12.0,1500,1312,1500,90,True,13
4.630,0.077,10.018350601196289,11.536375999450684,0.02214994496012099,3.5842817858421765,-6.9883071955249,0.006934493795910916,2.870848249910246,0.009870593017417049,0.0,12.0,1500,1312,1500,90,True,13
4.681,0.08,10.018350601196289,11.685420989990234,0.02271860156421753,3.7690196198708037,-6.989370143714483,0.01168564075064856,2.786215375904618,0.014515752811863817,0.0,12.0,1500,1315,1500,90,True,13
4.732,0.083,10.24411392211914,11.783421516418457,0.022922405004200386,3.886675177852974,-6.989912716866676,0.003826909468480522,2.7105893869801214,0.010608983824452368,0.0,12.0,1500,1316,1500,90,True,13
4.784,0.087,10.24411392211914,11.927066802978516,0.02331313151185945,4.051893611894174,-6.99042668860172,0.006274699356367002,2.4447972711841293,0.01818172011168263,0.0,12.0,1500,1317,1500,90,True,13
4.834,0.089,10.518901824951172,12.019913673400879,0.023056719273506297,4.1481378074888235,-6.990187205093946,-0.008596750230759774,2.1455972060537243,0.033931486002337426,0.0,12.0,1500,1317,1500,90,True,13
4.885,0.095,10.518901824951172,12.157285690307617,0.021670664449563115,4.2835492959920884,-6.988584245073109,-0.029037968957034026,2.0571865971068446,0.051217390785797186,0.0,12.0,1500,1319,1500,90,True,13
4.936,0.099,10.83277416229248,12.247446060180664,0.020194486480140803,4.371122566435407,-6.987129841666719,-0.040451198384858805,2.043737527744266,0.05549733139402998,0.0,12.0,1500,1319,1500,90,True,13
4.987,0.107,10.83277416229248,12.37923812866211,0.016947546950332976,4.501848545168043,-6.984507902799081,-0.06353856179566425,2.0698179647597255,0.06064915832301746,0.0,12.0,1500,1321,1500,90,True,13
5.038,0.113,11.018847465515137,12.464225769042969,0.014238152979859739,4.5921440728824345,-6.982728211633469,-0.07083446447938742,2.093947742436911,0.062220608760222854,0.0,12.0,1500,1321,1500,90,True,13
5.089,0.124,11.018847465515137,12.589363098144531,0.009693108150595887,4.729661394084179,-6.98010072323713,-0.07965694112303487,2.1712680451623942,0.05860427705875233,0.0,12.0,1500,1323,1500,90,True,13
5.139,0.132,11.288357734680176,12.671163558959961,0.006246651141184651,4.822258268662042,-6.978213883478913,-0.08858882752542814,2.1991360707496925,0.06041160914616118,0.0,12.0,1500,1323,1500,90,True,13
5.191,0.148,11.288357734680176,12.79032039642334,0.0007592515133520787,4.964132396780608,-6.975524496493221,-0.09611727680604909,2.292450328633818,0.057238559389867126,0.0,12.0,1500,1324,1500,90,True,13
5.242,0.16,11.556617736816406,12.868555068969727,-0.003279556768018945,5.065566255483998,-6.973956968078703,-0.09774805784156236,2.352469762191659,0.054201893303455165,0.0,12.0,1500,1325,1500,90,True,13
5.293,0.183,11.556617736816406,12.980887413024902,-0.009464533602185164,5.217911490487016,-6.971872052834557,-0.10296188674655556,2.436722493481293,0.050166905690417235,0.0,12.0,1500,1326,1500,90,True,13
5.345,0.2,11.79460334777832,13.05400276184082,-0.013632864984017048,5.321479783306036,-6.970397158860657,-0.10095601226575354,2.4943543490373914,0.051947584031807166,0.0,12.0,1500,1326,1500,90,True,13
5.396,0.229,11.79460334777832,13.164339065551758,-0.020158309489407545,5.478898995088728,-6.968367738903517,-0.10330113503891494,2.587723888765112,0.04907464238227716,0.0,12.0,1500,1328,1500,90,True,13
5.447,0.25,11.944777488708496,13.236771583557129,-0.024734768019520834,5.582879233692063,-6.966909493515719,-0.10105959235132106,2.6370273958454375,0.04905430522721919,0.0,12.0,1500,1328,1500,90,True,13
5.499,0.285,11.944777488708496,13.341862678527832,-0.03167464876028373,5.7428115282024965,-6.964929165543238,-0.10072580020616974,2.7413918325895863,0.044166137607418075,0.0,12.0,1500,1329,1500,90,True,13
5.552,0.311,12.099503517150879,13.409582138061523,-0.0362434816910136,5.851728712915282,-6.963624599411767,-0.10268267608380484,2.8027213818076,0.042542526936512,0.0,12.0,1500,1330,1500,90,True,13
5.602,0.355,12.099503517150879,13.509737014770508,-0.04411432421926118,6.018434847535076,-6.9618940002308145,-0.1400216527496117,2.8868780635620315,0.028201847747929342,-1.7799999713897705,12.0,1510,1331,1505,90,True,13
5.654,0.386,12.237805366516113,13.574642181396484,-0.05265251091397339,6.131448438202576,-6.9617356252194345,-0.21119694633662542,2.940507428264502,-0.00036934631467974103,-1.7799999713897705,12.0,1511,1331,1505,90,True,13
5.704,0.436,12.237805366516113,13.668106079101562,-0.07179897523560048,6.306002460178714,-6.963951594718281,-0.3499146999654258,3.0321896978238176,-0.053014154089280355,-3.7799999713897705,12.0,1523,1332,1511,90,True,13
5.755,0.473,12.393976211547852,13.727922439575195,-0.09105731392036628,6.425503876784081,-6.967763267161971,-0.4858745779538485,3.085554606139362,-0.09942655681977315,-3.7799999713897705,12.0,1525,1333,1512,90,True,13
5.806,0.531,12.393976211547852,13.81495475769043,-0.13005591316267387,6.609394340468803,-6.977195331518935,-0.6843695869096451,3.157500617205103,-0.17287250143963262,-5.0,12.0,1532,1334,1516,90,True,13
5.857,0.572,12.604692459106445,13.870854377746582,-0.16321584125285107,6.735128731578629,-6.986122388764142,-0.8139621277660292,3.1996473666957246,-0.22507356953299057,-5.0,12.0,1534,1334,1517,90,True,13
5.909,0.681,12.753241539001465,14.001707077026367,-0.26532526169405085,7.059574669985282,-7.015973303644859,-1.053105353380717,3.314823779452592,-0.31171700043426176,-5.0,12.0,1534,1336,1517,90,True,13
5.960,0.681,12.753241539001465,14.001707077026367,-0.26532526169405085,7.059574669985282,-7.015973303644859,-1.053105353380717,3.314823779452592,-0.31171700043426176,-5.0,12.0,1534,1336,1517,90,True,13
6.013,0.803,12.885385513305664,14.114562034606934,-0.3842509680575791,7.403487928186941,-7.052708622322127,-1.16899680156632,3.4201450830107767,-0.35378464246047275,-5.0,12.0,1534,1338,1517,90,True,13
6.064,0.803,12.885385513305664,14.114562034606934,-0.3842509680575791,7.403487928186941,-7.052708622322127,-1.16899680156632,3.4201450830107767,-0.35378464246047275,-5.0,12.0,1534,1338,1517,90,True,13
6.115,0.936,13.071078300476074,14.213846206665039,-0.5125705857682549,7.768884265762406,-7.092664375193055,-1.2361747002611574,3.5059721729040993,-0.3609150664692751,-5.0,12.0,1534,1340,1517,90,True,13
6.167,1.023,13.071078300476074,14.267212867736816,-0.5921320976760013,7.991886527068737,-7.117683358122812,-1.2689358093368293,3.556850678918347,-0.3653027693199208,-5.0,12.0,1534,1341,1517,90,True,13
6.218,1.082,13.159134864807129,14.298935890197754,-0.6463881855956736,8.146860958015388,-7.134533861692057,-1.2809667606729835,3.5836645074959366,-0.36878485845573145,-5.0,12.0,1534,1342,1517,90,True,13
6.269,1.175,13.159134864807129,14.34428596496582,-0.7285048285832395,8.379194111501603,-7.160221349386829,-1.2976049947694288,3.6235370174363553,-0.3677001390381688,-5.0,12.0,1533,1343,1516,90,True,13
6.321,1.239,13.298845291137695,14.372928619384766,-0.7833744595894493,8.53428550943779,-7.177353171372513,-1.291209909993887,3.646819424769636,-0.36451257512988844,-5.0,12.0,1533,1344,1516,90,True,13
6.374,1.339,13.298845291137695,14.412195205688477,-0.8657499027135352,8.766295082712075,-7.20330362135033,-1.299023006074147,3.682188705612901,-0.36314875177128086,-5.0,12.0,1533,1345,1516,90,True,13
6.426,1.408,13.390427589416504,14.435246467590332,-0.9211891074635007,8.924752910135432,-7.220254443323009,-1.2970585796358278,3.7035449996002385,-0.366116922532901,-5.0,12.0,1533,1346,1516,90,True,13
6.477,1.515,13.390427589416504,14.46776008605957,-1.0047820851679943,9.160826445965876,-7.246446511242715,-1.302158489790006,3.722339118875175,-0.37358896272190983,-5.0,12.0,1533,1347,1516,90,True,13
6.529,1.589,13.459890365600586,14.488061904907227,-1.0604754476602782,9.317255707205739,-7.264293795543959,-1.2998600244125909,3.733155150312713,-0.37613126051660906,-5.0,12.0,1533,1348,1516,90,True,13
6.581,1.705,13.459890365600586,14.515425682067871,-1.1439923327885495,9.551199931562431,-7.291878368280702,-1.3002177555703702,3.7640241902665856,-0.38266281567341887,-5.0,12.0,1533,1349,1516,90,True,13
6.631,1.785,13.52653980255127,14.531113624572754,-1.200039584457205,9.70908060800092,-7.310202058276554,-1.2973461946329088,3.7743676579909238,-0.3879793975707598,-5.0,12.0,1533,1350,1516,90,True,13
6.683,1.91,13.52653980255127,14.552721977233887,-1.283927114069655,9.945097794770712,-7.338892267885192,-1.2901324476523175,3.7992816267621916,-0.3996050732292091,-5.0,12.0,1532,1351,1516,90,True,13
6.733,1.995,13.663171768188477,14.565789222717285,-1.3391220861959399,10.101773796594342,-7.358716891951154,-1.2721712912910055,3.805617907877848,-0.40836489756145616,-5.0,12.0,1532,1352,1516,90,True,13
6.784,2.125,13.663171768188477,14.582622528076172,-1.420981689955131,10.335297964317078,-7.389527021523435,-1.249239678204628,3.808290646277438,-0.4180243591930145,-5.0,12.0,1532,1354,1516,90,True,13
6.835,2.216,13.752213478088379,14.591617584228516,-1.4753760358446433,10.491932985005688,-7.41003893337463,-1.2390586409164894,3.810698714846691,-0.426090839283226,-5.0,12.0,1532,1354,1516,90,True,13
6.886,2.355,13.752213478088379,14.603208541870117,-1.5560462261929002,10.726537176390933,-7.442029831899677,-1.2164516752590993,3.8292226147625885,-0.43820775495338726,-5.0,12.0,1532,1356,1516,90,True,13
6.937,2.451,13.84289264678955,14.60964298248291,-1.6092909658677346,10.88224329135242,-7.464094758013403,-1.205188373152631,3.8293203718450846,-0.44528415109863784,-5.0,12.0,1532,1357,1516,90,True,13
6.987,2.598,13.84289264678955,14.616779327392578,-1.688456913773002,11.114864166557423,-7.4985180576566215,-1.1884540895209823,3.8299180133974606,-0.45742097036692736,-5.0,12.0,1532,1358,1516,90,True,13
7.038,2.697,13.856185913085938,14.619603157043457,-1.741168151640635,11.270274022063662,-7.521186601738247,-1.17455380078636,3.8362154478122124,-0.46624199959744017,-5.0,12.0,1532,1359,1516,90,True,13
7.089,2.85,13.856185913085938,14.622057914733887,-1.8193600505372352,11.502625104796447,-7.556511486351907,-1.1544599178567114,3.835861131749018,-0.4782907200976071,-5.0,12.0,1531,1360,1515,90,True,13
7.139,2.955,13.872063636779785,14.622406005859375,-1.870696819556109,11.656736370586737,-7.580544360720243,-1.1374723836172436,3.8296695652664012,-0.4808336849029675,-5.0,12.0,1531,1361,1515,90,True,13
7.191,3.115,13.872063636779785,14.620741844177246,-1.9463503426806974,11.886880448443964,-7.617799627548077,-1.1113338899938394,3.8207177485854533,-0.48955124743972517,-5.0,12.0,1531,1363,1515,90,True,13
7.242,3.225,13.892791748046875,14.617950439453125,-1.996441882836513,12.039718737727693,-7.642258534965893,-1.0939367578475823,3.8095913704275026,-0.4968077898243348,-5.0,12.0,1531,1364,1515,90,True,13
7.293,3.393,13.892791748046875,14.611956596374512,-2.070584653494059,12.268194541880144,-7.680515278280781,-1.071083158328131,3.8056981626005952,-0.5136829461076149,-5.0,12.0,1531,1365,1515,90,True,13
7.344,3.509,13.906156539916992,14.606636047363281,-2.1203506924472415,12.423286793589977,-7.707433053799801,-1.055298911321349,3.802326610471548,-0.5222627842830616,-5.0,12.0,1531,1366,1515,90,True,13
7.395,3.684,13.906156539916992,14.600555419921875,-2.193019636347946,12.647118069106817,-7.746529056608954,-1.0333096508970219,3.7852054606564414,-0.5368324849171979,-5.0,12.0,1531,1367,1515,90,True,13
7.446,3.802,13.968735694885254,14.595988273620605,-2.2413058721287626,12.791361419093732,-7.770683166835058,-1.013662184862657,3.772071860656153,-0.5474404090284625,-5.0,12.0,1531,1368,1515,90,True,13
7.497,3.983,13.968735694885254,14.58665657043457,-2.3128089881155103,13.006494448702563,-7.808390933695406,-0.9907436985460908,3.7520692247849476,-0.5631742300292628,-5.0,12.0,1531,1370,1515,90,True,13
7.548,4.106,13.978216171264648,14.578908920288086,-2.359718727335158,13.149076355173872,-7.83451982236529,-0.9735840221951974,3.73988758240023,-0.5732269878270523,-5.0,12.0,1531,1371,1515,90,True,13
7.600,4.294,13.978216171264648,14.567707061767578,-2.429723257129323,13.360056629767334,-7.873918061045216,-0.9538901322188177,3.7103256698987686,-0.5892482637423749,-5.0,12.0,1531,1372,1515,90,True,13
7.651,4.422,13.994058609008789,14.5593900680542,-2.4760639562137436,13.497962417978123,-7.899324657210371,-0.9345587758769774,3.6986195794350127,-0.598252800945979,-5.0,12.0,1530,1373,1515,90,True,13
7.702,4.616,13.994058609008789,14.544415473937988,-2.5440648927035676,13.704968376248283,-7.939636433691786,-0.8978807667557148,3.6759309716726998,-0.6127165269262743,-5.0,12.0,1530,1375,1515,90,True,13
7.753,4.747,14.000529289245605,14.5328369140625,-2.5881255892656734,13.842934782387957,-7.967791327224225,-0.8732403257163649,3.6560811612841735,-0.6215694125859629,-5.0,12.0,1530,1375,1515,90,True,13
7.806,5.082,13.97842788696289,14.50230598449707,-2.695332665365017,14.18592809948578,-8.040567846604358,-0.817347713799387,3.623200630619732,-0.6481912488148511,-5.0,12.0,1530,1378,1515,90,True,13
7.856,5.082,13.97842788696289,14.50230598449707,-2.695332665365017,14.18592809948578,-8.040567846604358,-0.817347713799387,3.623200630619732,-0.6481912488148511,-5.0,12.0,1530,1378,1515,90,True,13
7.908,5.424,13.978889465332031,14.464787483215332,-2.798226050116674,14.526996157011304,-8.118821323925193,-0.7683913190671157,3.5652906582983674,-0.6735692969237096,-5.0,12.0,1530,1380,1515,90,True,13
7.960,5.424,13.978889465332031,14.464787483215332,-2.798226050116674,14.526996157011304,-8.118821323925193,-0.7683913190671157,3.5652906582983674,-0.6735692969237096,-5.0,12.0,1530,1380,1515,90,True,13
8.011,5.775,14.01548957824707,14.42264461517334,-2.8972936751594776,14.864740473731972,-8.202722513915983,-0.7219325324152476,3.4977398739635297,-0.6976540380410554,-5.0,12.0,1530,1383,1515,90,True,13
8.063,5.775,14.01548957824707,14.42264461517334,-2.8972936751594776,14.864740473731972,-8.202722513915983,-0.7219325324152476,3.4977398739635297,-0.6976540380410554,-5.0,12.0,1530,1383,1515,90,True,13
8.115,6.133,13.98720645904541,14.374187469482422,-2.9927891112663647,15.198931384536941,-8.292419973191176,-0.6763985960656815,3.4409099253046733,-0.7242800364164692,-5.0,12.0,1530,1386,1515,90,True,13
8.165,6.133,13.98720645904541,14.374187469482422,-2.9927891112663647,15.198931384536941,-8.292419973191176,-0.6763985960656815,3.4409099253046733,-0.7242800364164692,-5.0,12.0,1530,1386,1515,90,True,13
8.216,6.499,13.937700271606445,14.31570053100586,-3.0840577274940717,15.535282342666926,-8.392237211495388,-0.635841359660969,3.3797874161958754,-0.753613244302441,-5.0,12.0,1530,1388,1515,90,True,13
8.268,6.723,13.937700271606445,14.277193069458008,-3.136742391656965,15.740087272477052,-8.458869975717095,-0.6077360383608656,3.3441681931176706,-0.7703733012260359,-5.0,12.0,1530,1390,1515,90,True,13
8.318,6.873,13.929412841796875,14.250805854797363,-3.1711767903575843,15.875487235036092,-8.50404655443485,-0.5919087825066536,3.3083254947875593,-0.7792940085297485,-5.0,12.0,1530,1391,1514,90,True,13
8.369,7.101,13.929412841796875,14.209131240844727,-3.2219208270225477,16.076274306066956,-8.572691663140771,-0.5664821760216646,3.26407995623104,-0.7876733699808848,-5.0,12.0,1530,1393,1514,90,True,13
8.421,7.254,13.880851745605469,14.179544448852539,-3.2549612268022496,16.211624749754513,-8.621290166632704,-0.5513914066590504,3.2335009858734813,-0.7964679322283638,-5.0,12.0,1529,1394,1514,90,True,13
8.472,7.484,13.880851745605469,14.134560585021973,-3.3032370038559,16.41083063199252,-8.694024851104171,-0.5176869310651233,3.1830284492280256,-0.8112487283965358,-5.0,12.0,1529,1396,1514,90,True,13
8.524,7.64,13.877592086791992,14.104199409484863,-3.3346793528132306,16.54127699985601,-8.74232111872533,-0.4964538472871106,3.1530439187716697,-0.8190478439333383,-5.0,12.0,1529,1397,1514,90,True,13
8.575,7.875,13.877592086791992,14.057236671447754,-3.3807707499929456,16.732897957020718,-8.814402666357413,-0.4673401659499313,3.0949691681365783,-0.8331315339193459,-5.0,12.0,1529,1399,1514,90,True,13
8.626,8.033,13.818745613098145,14.024704933166504,-3.4109288099429023,16.859999239738194,-8.863189000051522,-0.44715578301378,3.0668998654121764,-0.8447220447757402,-5.0,12.0,1529,1400,1514,90,True,13
8.677,8.272,13.818745613098145,13.975674629211426,-3.4552825643090843,17.046214102174837,-8.935845137347533,-0.4188878445144922,3.0084915027248122,-0.859040522514467,-5.0,12.0,1529,1402,1514,90,True,13
8.729,8.433,13.78271770477295,13.942750930786133,-3.484186217329286,17.1676241297664,-8.983906617215974,-0.39855383774683534,2.976812231580647,-0.8669416106411437,-5.0,12.0,1529,1403,1514,90,True,13
8.781,8.675,13.78271770477295,13.892600059509277,-3.5268763937457464,17.345593246327542,-9.055877174274045,-0.3728636820094191,2.9179541436251197,-0.8874682500877361,-5.0,12.0,1529,1405,1514,90,True,13
8.832,8.838,13.770857810974121,13.858357429504395,-3.554648583241253,17.46247998114126,-9.104362125871026,-0.35487739268639545,2.888444738202903,-0.8931762071606041,-5.0,12.0,1529,1406,1514,90,True,13
8.882,9.083,13.770857810974121,13.806831359863281,-3.5954636592871334,17.633511333052965,-9.177030215998085,-0.3302054153829871,2.82315069105852,-0.909453241643832,-5.0,12.0,1529,1408,1514,90,True,13
8.935,9.248,13.717154502868652,13.77241039276123,-3.622172687149645,17.744875859922733,-9.225408445889284,-0.31531939161291456,2.7895453065684106,-0.918038362543715,-5.0,12.0,1529,1409,1514,90,True,13
8.985,9.497,13.717154502868652,13.720308303833008,-3.6613621781730625,17.908253984869436,-9.298359988866899,-0.2891430651448109,2.730533325913147,-0.9358863938968988,-5.0,12.0,1529,1411,1514,90,True,13
9.036,9.663,13.69495964050293,13.685141563415527,-3.6869442248225224,18.01463588873968,-9.346809935744384,-0.27293547981162025,2.692897916369319,-0.9445196462860891,-5.0,12.0,1529,1412,1514,90,True,13
9.086,9.915,13.69495964050293,13.632328987121582,-3.7243211543949477,18.17088329619289,-9.419780261742215,-0.24479563403969662,2.630985239750915,-0.9585292180474315,-5.0,12.0,1529,1414,1514,90,True,13
9.136,10.083,13.6611909866333,13.597042083740234,-3.7487360924699815,18.272747029927167,-9.468705760540663,-0.22946362026116338,2.596020007285739,-0.971287157643369,-5.0,12.0,1529,1415,1514,90,True,13
9.188,10.336,13.6611909866333,13.543956756591797,-3.784485302585828,18.4217015028941,-9.542572548867058,-0.20205723275243598,2.5320787644838414,-0.9837234380180813,-5.0,12.0,1529,1417,1514,90,True,13
9.239,10.505,13.601219177246094,13.508424758911133,-3.807625129720185,18.51810450038695,-9.591800283536278,-0.1875870901295805,2.497147469521104,-0.9928958484648795,-5.0,12.0,1529,1418,1514,90,True,13
9.290,10.76,13.601219177246094,13.45505142211914,-3.84163008027674,18.65946551054412,-9.666420953992315,-0.16740169333722432,2.430567852708877,-1.0110999034285502,-5.339999675750732,12.0,1531,1420,1515,90,True,13
9.341,10.931,13.548418998718262,13.419414520263672,-3.8643643649291275,18.75143400771834,-9.716816651009607,-0.16584462364987296,2.390866951271355,-1.024872446281352,-5.339999675750732,12.0,1531,1421,1515,90,True,13
9.391,11.19,13.548418998718262,13.368555068969727,-3.9002143203352317,18.88452707388521,-9.79195043942704,-0.19401013599203704,2.3259671341081285,-1.0505761556754025,-6.75,12.0,1538,1423,1519,90,True,13
9.442,11.361,13.485628128051758,13.33574390411377,-3.9262924094731635,18.964947428720233,-9.839083867342005,-0.2367297409188669,2.284482059193352,-1.084959221235541,-6.739999771118164,12.0,1539,1424,1519,90,True,13
9.493,11.619,13.485628128051758,13.285828590393066,-3.9703535329220925,19.082380578667554,-9.912608292436254,-0.32814838118447615,2.2173272123869636,-1.1388923159126656,-8.4399995803833,12.0,1547,1426,1523,90,True,13
9.543,11.792,13.374556541442871,13.25220775604248,-4.004653462273428,19.158506452061932,-9.963878253667309,-0.41274761117235653,2.17861626149227,-1.1845870285119915,-8.4399995803833,12.0,1549,1427,1524,90,True,13
9.595,12.051,13.374556541442871,13.203873634338379,-4.062833013623596,19.267434308945294,-10.042481778183108,-0.5215429997384187,2.107986129058814,-1.243843401873495,-8.760000228881836,12.0,1551,1429,1525,90,True,13
9.645,12.224,13.2734956741333,13.171928405761719,-4.105604085093039,19.335432257227357,-10.094861645154289,-0.5833754216340747,2.0669874916789897,-1.2795561131659643,-8.75,12.0,1552,1430,1525,90,True,13
9.696,12.484,13.2734956741333,13.12341594696045,-4.175424840109848,19.4356413776352,-10.17756925958762,-0.6864213650641464,1.9971835986916942,-1.3320959559741123,-10.569999694824219,12.0,1561,1432,1530,90,True,13
9.746,12.658,13.19465160369873,13.090689659118652,-4.227473869793107,19.501142891775622,-10.235734296785802,-0.7867576977452799,1.958017373000137,-1.3767386059978446,-10.569999694824219,12.0,1562,1433,1531,90,True,13
9.796,12.919,13.19465160369873,13.043172836303711,-4.313137675476584,19.595853709901604,-10.326808039178752,-0.9135594659954791,1.8898702277733925,-1.4434663525376956,-11.489999771118164,12.0,1568,1435,1534,90,True,13
9.848,13.093,13.080108642578125,13.011656761169434,-4.375612562041044,19.65513121416085,-10.389279510648628,-1.0060847303087626,1.839287340884159,-1.488157347494147,-11.489999771118164,12.0,1569,1436,1534,90,True,13
9.898,13.354,13.080108642578125,12.96378231048584,-4.4769025598850405,19.7427881544215,-10.48805599887806,-1.1383314933487843,1.778619999850519,-1.5498728024002666,-12.670000076293945,12.0,1576,1438,1538,90,True,13
9.949,13.529,12.980389595031738,12.93154239654541,-4.550116211372054,19.80010197929437,-10.557221909508193,-1.2359113110912887,1.731472164505273,-1.5930759900564186,-12.670000076293945,12.0,1577,1439,1538,90,True,13
10.000,13.79,12.980389595031738,12.884448051452637,-4.667755974541769,19.88245527766451,-10.664685544588236,-1.3696645577301212,1.6575435843112303,-1.6532555061729315,-13.819999694824219,12.0,1584,1441,1542,90,True,13
10.051,13.964,12.955269813537598,12.853225708007812,-4.751713940480035,19.933960026648283,-10.738429389509571,-1.4664147209318807,1.6108454742341471,-1.7019902932831477,-13.819999694824219,12.0,1585,1442,1542,90,True,13
10.102,14.226,12.955269813537598,12.805915832519531,-4.886363009117196,20.00938409810544,-10.853982529887846,-1.6219516819897053,1.5420037841461771,-1.7703794833386044,-15.679999351501465,12.0,1596,1444,1548,90,True,13
10.153,14.4,12.854270935058594,12.774197578430176,-4.983357244860078,20.058079931793046,-10.934548880016377,-1.75206977388621,1.5015349133138516,-1.8277908518505581,-15.670000076293945,12.0,1598,1445,1549,90,True,13
10.204,14.663,12.854270935058594,12.725608825683594,-5.1389177914148805,20.129045597269478,-11.060596606054379,-1.9144153663294796,1.4301341434429482,-1.905387136907192,-16.06999969482422,12.0,1601,1447,1550,90,True,13
10.254,14.838,12.798179626464844,12.692275047302246,-5.2485086035345585,20.177691912085603,-11.150627890825255,-2.0036752666109683,1.3876162158596188,-1.948187023237196,-16.06999969482422,12.0,1602,1448,1551,90,True,13
10.304,15.274,12.718913078308105,12.609675407409668,-5.543355490286138,20.29330140152453,-11.386348818139796,-2.2811687771156612,1.27802593734847,-2.075612526496835,-18.06999969482422,12.0,1615,1452,1557,90,True,13
10.356,15.274,12.718913078308105,12.609675407409668,-5.543355490286138,20.29330140152453,-11.386348818139796,-2.2811687771156612,1.27802593734847,-2.075612526496835,-18.06999969482422,12.0,1615,1452,1557,90,True,13
10.409,15.71,12.684427261352539,12.52710247039795,-5.870724322770734,20.398904663829388,-11.639010322143262,-2.5157964472761774,1.163393378404265,-2.204682397799154,-18.309999465942383,12.0,1619,1455,1559,90,True,13
10.461,15.71,12.684427261352539,12.52710247039795,-5.870724322770734,20.398904663829388,-11.639010322143262,-2.5157964472761774,1.163393378404265,-2.204682397799154,-18.309999465942383,12.0,1619,1455,1559,90,True,13
10.511,16.143,12.600131034851074,12.445725440979004,-6.224759067548705,20.491685953514843,-11.904952275214171,-2.759563550876405,1.0423979646396644,-2.32761299625469,-20.260000228881836,12.0,1632,1458,1566,90,True,13
10.563,16.143,12.600131034851074,12.445725440979004,-6.224759067548705,20.491685953514843,-11.904952275214171,-2.759563550876405,1.0423979646396644,-2.32761299625469,-20.260000228881836,12.0,1632,1458,1566,90,True,13
10.615,16.576,12.536189079284668,12.365825653076172,-6.611782345357369,20.569263242107848,-12.183666682033003,-3.03388892082327,0.941543391355256,-2.479344794892877,-21.489999771118164,12.0,1642,1460,1571,90,True,13
10.666,16.576,12.536189079284668,12.365825653076172,-6.611782345357369,20.569263242107848,-12.183666682033003,-3.03388892082327,0.941543391355256,-2.479344794892877,-21.489999771118164,12.0,1642,1460,1571,90,True,13
10.717,17.007,12.409235000610352,12.288168907165527,-7.03122938492973,20.631173784292134,-12.475163787883515,-3.2936267142502804,0.8282945326873604,-2.6310204579138228,-22.59000015258789,12.0,1650,1463,1575,90,True,13
10.768,17.265,12.409235000610352,12.242952346801758,-7.296819156371559,20.660063776933995,-12.655862418791727,-3.4155029022526953,0.7593409982517314,-2.715221535897859,-23.279998779296875,12.0,1656,1465,1578,90,True,13
10.819,17.435,12.389513969421387,12.213279724121094,-7.478909438323161,20.675662221451013,-12.77815780965445,-3.496345234712378,0.7144584911942553,-2.772302280565302,-23.279998779296875,12.0,1657,1466,1578,90,True,13
10.870,17.69,12.389513969421387,12.169784545898438,-7.759399694326197,20.694218137878647,-12.965385247635549,-3.6221539041294277,0.6545162707905474,-2.863574738774417,-25.029998779296875,12.0,1668,1468,1584,90,True,13
10.921,17.86,12.347143173217773,12.14145278930664,-7.952687217648387,20.703483289487767,-13.093295053996023,-3.7238076095467276,0.6197911088025266,-2.933377564544655,-25.029998779296875,12.0,1670,1469,1585,90,True,13
10.973,24.013,11.34261703491211,11.627742767333984,-18.26756462389442,18.86156568544292,-20.392240106746748,-4.919983334646115,-0.3012621952903672,-6.238651672320511,-37.54999923706055,12.0,1785,1489,1642,90,True,13
11.025,24.013,11.34261703491211,11.627742767333984,-18.26756462389442,18.86156568544292,-20.392240106746748,-4.919983334646115,-0.3012621952903672,-6.238651672320511,-37.54999923706055,12.0,1785,1489,1642,90,True,13
11.077,24.343,11.34802532196045,11.633891105651855,-18.95522636198401,18.634122093628786,-21.02725986935576,-4.816257947476186,-0.27650822903649225,-6.473856920352716,-37.79999923706055,12.0,1788,1489,1644,90,True,13
11.129,24.536,11.34802532196045,11.639575958251953,-19.36432224986922,18.491693866413804,-21.419213689971528,-4.758671341923339,-0.27803504312025457,-6.616639036744071,-38.939998626708984,12.0,1797,1489,1648,90,True,13
11.180,24.664,11.319477081298828,11.644369125366211,-19.63705341097512,18.3935935669122,-21.684761199617867,-4.745226968315815,-0.27403359280325845,-6.720288011172661,-38.939998626708984,12.0,1798,1489,1649,90,True,13
11.230,24.854,11.319477081298828,11.65295696258545,-20.04541676107184,18.24227243339786,-22.089350870198157,-4.699402802287376,-0.25099976700316895,-6.870599130463485,-38.689998626708984,12.0,1798,1488,1649,90,True,13
11.282,24.978,11.280649185180664,11.65949821472168,-20.315794922008674,18.13914852976172,-22.36315949364563,-4.639443986658419,-0.24504333511881535,-6.965588705684968,-38.689998626708984,12.0,1798,1488,1649,90,True,13
11.334,25.162,11.280649185180664,11.67093276977539,-20.718229667905824,17.980117820221725,-22.779088985795433,-4.568845443849875,-0.21868016562431483,-7.102971130650604,-39.959999084472656,12.0,1807,1487,1653,90,True,13
11.384,25.283,11.272184371948242,11.679630279541016,-20.985986743748665,17.871285585986744,-23.060277628641103,-4.5494976523653445,-0.20629623224628837,-7.206252555524483,-39.959999084472656,12.0,1808,1486,1654,90,True,13
11.435,25.462,11.272184371948242,11.694195747375488,-21.38669174423851,17.703988640003743,-23.488183857500523,-4.4990263963803585,-0.17638568661246537,-7.356421094616383,-40.06999969482422,12.0,1810,1486,1655,90,True,13
11.487,25.58,11.33863353729248,11.704854011535645,-21.652304140681967,17.58976226387174,-23.776897661264254,-4.4617707026657,-0.16337121471625565,-7.451004700469074,-40.06999969482422,12.0,1811,1485,1655,90,True,13
11.538,25.754,11.33863353729248,11.72254467010498,-22.048128971009838,17.414888930551907,-24.215694626755262,-4.388091744541481,-0.1254457889369665,-7.589698521755353,-40.34000015258789,12.0,1813,1484,1656,90,True,13
11.590,25.868,11.344114303588867,11.735452651977539,-22.309969395484153,17.295874591811728,-24.51190797822767,-4.338395288140468,-0.10159879709967522,-7.677865164882816,-40.34000015258789,12.0,1814,1483,1657,90,True,13
11.641,26.037,11.344114303588867,11.75644302368164,-22.699373847992213,17.11358025795867,-24.96165715205279,-4.257997558307071,-0.06844412505350773,-7.809978952677434,-40.81999969482422,12.0,1817,1482,1658,90,True,13
11.692,26.147,11.368300437927246,11.771480560302734,-22.956721715539956,16.98982235283992,-25.264377966256927,-4.206044578159015,-0.036605258268452796,-7.899774595921945,-40.81999969482422,12.0,1818,1481,1659,90,True,13
11.744,26.309,11.368300437927246,11.795612335205078,-23.33971091287008,16.80099665059304,-25.724478291769202,-4.140032507378135,0.013078379855179633,-8.037017002009597,-41.93000030517578,12.0,1825,1480,1662,90,True,13
11.794,26.416,11.392376899719238,11.812686920166016,-23.594108138696374,16.6730211036618,-26.035390210335475,-4.11799234070015,0.04449493050766419,-8.132964938148996,-41.93000030517578,12.0,1826,1479,1663,90,True,13
11.844,26.573,11.392376899719238,11.839902877807617,-23.97376932635341,16.477687938683193,-26.508039300900357,-4.065908306297394,0.09098146813808873,-8.270034028186458,-41.97999954223633,12.0,1827,1478,1663,90,True,13
11.895,26.676,11.37661361694336,11.859114646911621,-24.225009297235868,16.345385466912752,-26.825894106757946,-4.0199624775243645,0.12302998304404472,-8.357919779784305,-41.97999954223633,12.0,1828,1477,1664,90,True,13
11.946,26.827,11.37661361694336,11.889436721801758,-24.598866531645687,16.144072471315795,-27.308837999949333,-3.9586525651002145,0.1786593658737127,-8.489569114715362,-42.87999725341797,12.0,1834,1475,1667,90,True,13
11.996,26.927,11.341968536376953,11.910614967346191,-24.84687240795614,16.008247329480923,-27.635006853574122,-3.9324566551991,0.223087251804773,-8.577057007794055,-42.87999725341797,12.0,1835,1474,1667,90,True,13
12.047,27.074,11.341968536376953,11.946995735168457,-25.22318509537258,15.797119352046659,-28.134466144178596,-3.9039867191911943,0.2842508354300835,-8.714124390284226,-43.90999984741211,12.0,1842,1472,1671,90,True,13
12.097,27.17,11.396127700805664,11.97241497039795,-25.47148979245922,15.654347907825882,-28.46318948855297,-3.895559546415868,0.3265337618172821,-8.807006425259937,-43.90999984741211,12.0,1843,1471,1671,90,True,13
12.149,27.311,11.396127700805664,12.011554718017578,-25.842777168193823,15.437605514893868,-28.96256340179282,-3.863148164370042,0.3876832448372162,-8.935984302451873,-43.71999740600586,12.0,1843,1469,1671,90,True,13
12.200,27.403,11.39571475982666,12.038351058959961,-26.08877155379371,15.29159314591192,-29.299626407143776,-3.8290283812580665,0.44036412037955436,-9.022850648316094,-43.71999740600586,12.0,1843,1468,1671,90,True,13
12.250,27.537,11.39571475982666,12.081849098205566,-26.455499778257327,15.069632488454015,-29.80930878338847,-3.7814795924641995,0.5157194096973365,-9.134280061982976,-44.59000015258789,12.0,1849,1466,1674,90,True,13
12.302,27.625,11.388893127441406,12.112054824829102,-26.699716607125715,14.919011449329602,-30.151146090969267,-3.76343209824291,0.5681505030872932,-9.217172091523896,-44.59000015258789,12.0,1850,1465,1675,90,True,13
12.352,27.754,11.388893127441406,12.158024787902832,-27.063693972901113,14.691829112251222,-30.671264996265737,-3.7228791307064286,0.642846732511022,-9.337559298287248,-44.62999725341797,12.0,1851,1463,1675,90,True,13
12.402,27.838,11.427287101745605,12.18922233581543,-27.304159320367873,14.539602978671855,-31.022490398860718,-3.6854689039618,0.6897118620576529,-9.409788548760133,-44.62999725341797,12.0,1851,1461,1675,90,True,13
12.454,27.96,11.427287101745605,12.238626480102539,-27.662515440456346,14.309623679128357,-31.555292965445904,-3.6550673050792497,0.7790655173576704,-9.522379094585915,-46.0099983215332,12.0,1861,1459,1680,90,True,13
12.506,28.04,11.447614669799805,12.272452354431152,-27.90214750484437,14.154434950996496,-31.914335519545965,-3.6709368227289514,0.8373121966607756,-9.60691036952764,-46.0099983215332,12.0,1862,1457,1681,90,True,13
12.556,28.157,11.447614669799805,12.3238525390625,-28.260894653262824,13.921144717252833,-32.4607472380524,-3.6699635207722245,0.9204166557570546,-9.726068996014035,-45.81999969482422,12.0,1861,1455,1680,90,True,13
12.608,28.234,11.505682945251465,12.358621597290039,-28.49853059486591,13.765445432480515,-32.82968332116522,-3.6482226017572508,0.9875258256733686,-9.792550642300355,-45.81999969482422,12.0,1862,1453,1681,90,True,13
12.658,28.345,11.505682945251465,12.412936210632324,-28.85312669581629,13.530767816561694,-33.38984079537631,-3.62469985714255,1.0781220951546524,-9.899019631082513,-46.68000030517578,12.0,1867,1451,1683,90,True,13
12.709,28.417,11.625204086303711,12.449945449829102,-29.08956052412545,13.372897385406958,-33.76759123761303,-3.6211695031152997,1.1432717478311132,-9.971324013636268,-46.68000030517578,12.0,1868,1449,1684,90,True,13
12.759,28.522,11.625204086303711,12.506053924560547,-29.442520794769614,13.136109241034601,-34.34084901465221,-3.618249597245119,1.2337555326345033,-10.074372785191544,-47.09000015258789,12.0,1871,1447,1685,90,True,13
12.810,28.591,11.69641399383545,12.543919563293457,-29.67692947198987,12.97808513062354,-34.72715768391895,-3.6140814743041187,1.3081219919873674,-10.136813520810154,-47.09000015258789,12.0,1872,1445,1686,90,True,13
12.861,28.69,11.69641399383545,12.60045337677002,-30.0270039877097,12.740734349418306,-35.31273712222083,-3.61306420300461,1.3991804731763908,-10.23783714127652,-47.63999938964844,12.0,1875,1443,1687,90,True,13
12.912,28.755,11.718167304992676,12.637618064880371,-30.258229796776728,12.584220564587463,-35.71229294338282,-3.6098292546589628,1.4718058746211364,-10.30191114588041,-47.63999938964844,12.0,1875,1441,1687,90,True,13
12.963,28.848,11.718167304992676,12.694436073303223,-30.603738331036407,12.349785420384176,-36.31744428875137,-3.624561545811857,1.5847039924029813,-10.396598058344296,-48.87999725341797,12.0,1883,1439,1691,90,True,13
13.014,28.909,11.750082015991211,12.733015060424805,-30.834602140077422,12.192997574212887,-36.72479677085092,-3.654009052644721,1.6443926953946053,-10.465358426492461,-48.87999725341797,12.0,1884,1437,1692,90,True,13
13.066,28.997,11.750082015991211,12.791321754455566,-31.181585995197825,11.957737684667322,-37.34160724913268,-3.6910969798378903,1.7612808175905013,-10.567837731025685,-49.27000045776367,12.0,1887,1434,1693,90,True,13
13.117,29.054,11.837868690490723,12.830147743225098,-31.412804974075684,11.801796781953115,-37.75982997729632,-3.7134329790843013,1.8341702485353502,-10.629481895832344,-49.27000045776367,12.0,1887,1433,1693,90,True,13
13.168,29.137,11.837868690490723,12.889642715454102,-31.76029084810008,11.566676911285535,-38.390816513200434,-3.750756120917013,1.938763496616694,-10.716397760568048,-49.91999816894531,12.0,1891,1430,1695,90,True,13
13.220,29.19,11.91702938079834,12.930132865905762,-31.992845128960678,11.409594513206288,-38.814233600227865,-3.7779407007004866,2.019987892783074,-10.773116505209481,-49.91999816894531,12.0,1892,1428,1696,90,True,13
13.270,29.316,11.998591423034668,13.032459259033203,-32.575576378378656,11.015876796237366,-39.88482135639776,-3.836086527991628,2.201749898767692,-10.912979142617479,-50.34000015258789,12.0,1895,1424,1697,90,True,13
13.321,29.316,11.998591423034668,13.032459259033203,-32.575576378378656,11.015876796237366,-39.88482135639776,-3.836086527991628,2.201749898767692,-10.912979142617479,-50.34000015258789,12.0,1895,1424,1697,90,True,13
13.372,29.432,12.077025413513184,13.13795280456543,-33.161517816706535,10.620448116881356,-40.97119367973955,-3.922086293604905,2.4148993987528677,-11.048050402322712,-51.56999969482422,12.0,1899,1419,1699,90,True,13
13.423,29.432,12.077025413513184,13.13795280456543,-33.161517816706535,10.620448116881356,-40.97119367973955,-3.922086293604905,2.4148993987528677,-11.048050402322712,-51.56999969482422,12.0,1899,1419,1699,90,True,13
13.475,29.538,12.167304992675781,13.246427536010742,-33.74991129294646,10.224393621442642,-42.07104196631378,-3.9538334397539474,2.609483377356892,-11.145799800855702,-51.779998779296875,12.0,1899,1414,1699,90,True,13
13.526,29.538,12.167304992675781,13.246427536010742,-33.74991129294646,10.224393621442642,-42.07104196631378,-3.9538334397539474,2.609483377356892,-11.145799800855702,-51.779998779296875,12.0,1899,1414,1699,90,True,13
13.577,29.634,12.285606384277344,13.358419418334961,-34.33477014629089,9.82855769205737,-43.183013838664785,-3.958298675923843,2.822933832552372,-11.231405976818058,-54.04999923706055,12.0,1900,1410,1700,90,True,13
13.627,29.634,12.285606384277344,13.358419418334961,-34.33477014629089,9.82855769205737,-43.183013838664785,-3.958298675923843,2.822933832552372,-11.231405976818058,-54.04999923706055,12.0,1900,1410,1700,90,True,13
13.679,29.721,12.394206047058105,13.47360610961914,-34.915339640836564,9.433934975023421,-44.30590718349863,-3.9579464942947644,3.0415991371791566,-11.300556519522559,-53.369998931884766,12.0,1900,1405,1700,90,True,13
13.731,29.767,12.394206047058105,13.544370651245117,-35.2606296090428,9.198380533569898,-44.98566468517123,-3.936689238050392,3.1702781935949043,-11.33240996049056,-52.62999725341797,12.0,1895,1403,1697,90,True,13
13.782,29.796,12.489704132080078,13.592350006103516,-35.488126134823,9.041630253439044,-45.439588812126516,-3.9001998061832457,3.242178954657394,-11.339046343042874,-52.619998931884766,12.0,1895,1401,1697,90,True,13
13.833,29.836,12.489704132080078,13.665152549743652,-35.82476566844542,8.807716764933618,-46.12245404987147,-3.8375328205483785,3.3728897789078087,-11.351416669403413,-51.79999923706055,12.0,1889,1398,1694,90,True,13
13.885,29.861,12.62232780456543,13.714166641235352,-36.0451144012592,8.6534979236639,-46.58054800731505,-3.7736240211450385,3.4671850227114778,-11.345033857624037,-51.78999710083008,12.0,1888,1396,1694,90,True,13
13.937,29.895,12.62232780456543,13.788737297058105,-36.36908051887666,8.423930143017893,-47.2690857171657,-3.676091481118195,3.5967046192819603,-11.3370015551601,-50.87999725341797,12.0,1882,1394,1691,90,True,13
13.987,29.915,12.743232727050781,13.839102745056152,-36.57970647740693,8.272158217018333,-47.72856278791621,-3.5929168525003647,3.6678436008085815,-11.329621535761902,-50.869998931884766,12.0,1882,1392,1691,90,True,13
14.039,29.944,12.743232727050781,13.915433883666992,-36.88816465051387,8.0465254791079,-48.41896513941027,-3.4764030033266446,3.7989179191888884,-11.31722218109739,-49.87999725341797,12.0,1875,1389,1687,90,True,13
14.090,29.961,12.875186920166016,13.96675968170166,-37.08833017433027,7.898204506186489,-48.88150213490895,-3.3858590274811937,3.8883946779765246,-11.301274543159057,-49.869998931884766,12.0,1874,1387,1687,90,True,13
14.141,29.984,12.875186920166016,14.045677185058594,-37.38405004463514,7.67541568829172,-49.58616250629541,-3.2485621933235937,4.016755276822221,-11.281408937958075,-48.779998779296875,12.0,1867,1385,1683,90,True,13
14.192,29.997,12.993345260620117,14.098143577575684,-37.571972454364285,7.530631899586728,-50.04964889808872,-3.1434805867165942,4.0904611288162975,-11.255750478567276,-48.77000045776367,12.0,1866,1383,1683,90,True,13
14.245,30.014,12.993345260620117,14.180822372436523,-37.84796332325158,7.314444459524777,-50.74588423113397,-3.0054127949564293,4.215337477411641,-11.224161707429612,-47.57999801635742,12.0,1858,1381,1679,90,True,13
14.295,30.024,13.127706527709961,14.237110137939453,-38.029058958905296,7.169276472678972,-51.2099136229663,-2.890405215938108,4.289158161961138,-11.199713899069199,-47.56999969482422,12.0,1857,1379,1678,90,True,13
14.345,30.037,13.127706527709961,14.321534156799316,-38.29082937394062,6.9554795988265266,-51.9066373145372,-2.728923322259728,4.424617461788594,-11.156658947862377,-46.279998779296875,12.0,1849,1377,1674,90,True,13
14.398,30.043,13.21511173248291,14.377893447875977,-38.458158763322174,6.81494248023799,-52.37126093282732,-2.6142030380733705,4.493164813412018,-11.132326398944207,-46.27000045776367,12.0,1847,1375,1673,90,True,13
14.449,30.049,13.21511173248291,14.465066909790039,-38.70003625239984,6.606181163351136,-53.069173077313806,-2.437407860275822,4.615162237272201,-11.085596805963918,-44.86000061035156,12.0,1839,1373,1669,90,True,13
14.500,30.05,13.327959060668945,14.523799896240234,-38.855750905097786,6.467637606226597,-53.53508418626247,-2.3069847577441935,4.679261428198655,-11.05120082707738,-44.86000061035156,12.0,1837,1371,1668,90,True,13
14.551,30.049,13.327959060668945,14.611567497253418,-39.076342109627106,6.264258051518889,-54.234580934636405,-2.114183885400366,4.79657206162774,-11.003250337782951,-43.34000015258789,12.0,1828,1369,1664,90,True,13
14.602,30.047,13.445691108703613,14.669906616210938,-39.21386796856531,6.131788240113784,-54.7007823266248,-1.971433785520746,4.856244863085202,-10.960201362991654,-43.32999801635742,12.0,1827,1367,1663,90,True,13
14.653,30.042,13.445691108703613,14.759172439575195,-39.40899964296341,5.937267867646406,-55.401617792076046,-1.7745509146524838,4.9774367515101465,-10.90027840585584,-41.709999084472656,12.0,1817,1365,1658,90,True,13
14.704,30.037,13.613842964172363,14.819048881530762,-39.53172789706478,5.809705547159956,-55.870240486125205,-1.6289989431092775,5.039878767789226,-10.855206841296571,-41.70000076293945,12.0,1815,1363,1657,90,True,13
14.755,30.026,13.613842964172363,14.908267974853516,-39.701219041318645,5.624172849866667,-56.573370895137586,-1.4095087864185079,5.150349393651366,-10.79138384614468,-39.959999084472656,12.0,1805,1361,1652,90,True,13
14.806,30.017,13.733993530273438,14.967421531677246,-39.804023633611095,5.504279978044495,-57.04173404199828,-1.2535732197895897,5.21495657989734,-10.739976427356579,-39.95000076293945,12.0,1803,1359,1651,90,True,13
14.857,30.001,13.733993530273438,15.054494857788086,-39.94336290777394,5.330694562270029,-57.74408580944528,-1.022060756220834,5.314805407826464,-10.672004092283904,-38.119998931884766,12.0,1793,1358,1646,90,True,13
14.907,29.989,13.862496376037598,15.110880851745605,-40.021712007743155,5.221677912927456,-58.214446786638206,-0.8553893061554192,5.370398451915313,-10.616157904308942,-38.11000061035156,12.0,1791,1356,1645,90,True,13
14.958,29.967,13.862496376037598,15.195476531982422,-40.12413069434749,5.064509283709938,-58.91937012030771,-0.6146928528347881,5.467613388145751,-10.535894643824829,-36.189998626708984,12.0,1781,1355,1640,90,True,13
15.008,29.952,13.951838493347168,15.251859664916992,-40.18184237773952,4.9639449934652555,-59.38822162569407,-0.4460796013326799,5.5245793002577726,-10.479870017157799,-36.189998626708984,12.0,1779,1353,1639,90,True,13
15.060,29.926,13.951838493347168,15.335338592529297,-40.254003326320706,4.819472832141146,-60.09041288369557,-0.20196231713535662,5.620740252921913,-10.393031845823904,-34.189998626708984,12.0,1768,1352,1634,90,True,13
15.111,29.908,14.078328132629395,15.389843940734863,-40.28989597040912,4.729117113384693,-60.56013865329569,-0.028406900165375174,5.676018254535296,-10.333362459461027,-34.189998626708984,12.0,1766,1350,1633,90,True,13
15.163,29.88,14.078328132629395,15.471813201904297,-40.33062097333532,4.599345653588567,-61.26335443967269,0.22642874843342986,5.770153629223704,-10.248505042986434,-32.11000061035156,12.0,1755,1349,1627,90,True,13
15.214,29.86,14.179980278015137,15.526521682739258,-40.34786037080043,4.516679874063903,-61.73062817136077,0.41442989210101594,5.827095208786807,-10.17857158984832,-32.11000061035156,12.0,1753,1348,1626,90,True,13
15.266,29.828,14.179980278015137,15.607789993286133,-40.360335711319465,4.398202558947215,-62.42928822156138,0.6825725001059912,5.906781745172877,-10.081261884743148,-29.959999084472656,12.0,1741,1346,1620,90,True,13
15.317,29.805,14.308767318725586,15.661028861999512,-40.35717674882833,4.324574400354947,-62.89547595317143,0.8687256240358394,5.95826045406044,-10.011778370316607,-29.959999084472656,12.0,1739,1345,1619,90,True,13
15.368,29.744,14.425731658935547,15.794289588928223,-40.317923651668266,4.153476454098835,-64.05488690440275,1.3299986610120953,6.090285022509025,-9.837908221031118,-27.760000228881836,12.0,1726,1343,1612,90,True,13
15.420,29.744,14.425731658935547,15.794289588928223,-40.317923651668266,4.153476454098835,-64.05488690440275,1.3299986610120953,6.090285022509025,-9.837908221031118,-27.760000228881836,12.0,1726,1343,1612,90,True,13
15.470,29.677,14.560378074645996,15.925505638122559,-40.23078068314266,4.002729910248423,-65.2075496287341,1.8009635763380405,6.204005110868798,-9.65678953348895,-25.5,12.0,1712,1341,1606,90,True,13
15.522,29.677,14.560378074645996,15.925505638122559,-40.23078068314266,4.002729910248423,-65.2075496287341,1.8009635763380405,6.204005110868798,-9.65678953348895,-25.5,12.0,1712,1341,1606,90,True,13
15.574,29.605,14.72172737121582,16.05536460876465,-40.09381489971639,3.8738830873111865,-66.35317042803118,2.283701710080678,6.314834748549187,-9.467147623636254,-23.209999084472656,12.0,1698,1339,1599,90,True,13
15.626,29.605,14.72172737121582,16.05536460876465,-40.09381489971639,3.8738830873111865,-66.35317042803118,2.283701710080678,6.314834748549187,-9.467147623636254,-23.209999084472656,12.0,1698,1339,1599,90,True,13
15.676,29.531,14.902087211608887,16.182884216308594,-39.90736439575338,3.766513367332232,-67.48953632100287,2.767494894606671,6.41133891821912,-9.268161161225333,-20.869998931884766,12.0,1684,1337,1592,90,True,13
15.728,29.531,14.902087211608887,16.182884216308594,-39.90736439575338,3.766513367332232,-67.48953632100287,2.767494894606671,6.41133891821912,-9.268161161225333,-20.869998931884766,12.0,1684,1337,1592,90,True,13
15.779,29.454,15.032493591308594,16.308420181274414,-39.6710500957547,3.6831436514362332,-68.61711176051277,3.251666727744776,6.493189343911614,-9.064875948505536,-18.529998779296875,12.0,1671,1336,1585,90,True,13
15.830,29.408,15.032493591308594,16.38259506225586,-39.50699236698558,3.6437180919996273,-69.287795355873,3.509006270999466,6.552763534512935,-8.952733633844035,-16.15999984741211,12.0,1663,1336,1581,90,True,13
15.881,29.376,15.157437324523926,16.43124771118164,-39.38893596227649,3.621934484302341,-69.73387501056654,3.670993598676427,6.572528394423659,-8.88533076579341,-16.15999984741211,12.0,1661,1335,1580,90,True,13
15.932,29.329,15.157437324523926,16.50344467163086,-39.201877571477354,3.5955490366517586,-70.40069271885653,3.854807222732987,6.627577584699846,-8.80413774580853,-13.789999961853027,12.0,1660,1335,1580,90,True,13
15.983,29.297,15.250435829162598,16.55095863342285,-39.07226107159802,3.5812662573236156,-70.84378075069361,3.9445674343711787,6.646179604904376,-8.759379516177438,-13.789999961853027,12.0,1658,1335,1579,90,True,13
16.034,29.25,15.250435829162598,16.6210994720459,-38.872126283632895,3.5641549259054415,-71.50642521340073,4.048221958328469,6.673034201173574,-8.70806686626407,-11.460000038146973,11.819999694824219,1657,1335,1578,90,True,13
16.084,29.218,15.35255241394043,16.66692543029785,-38.73583327383987,3.5558276446467265,-71.94811305645794,4.099194806330628,6.692359794543302,-8.676374788515211,-11.460000038146973,11.84999942779541,1656,1334,1577,90,True,13
16.135,29.17,15.35255241394043,16.73472785949707,-38.52834578723323,3.547600254904623,-72.60907729262925,4.153722340908955,6.706656661136607,-8.630148068212565,-9.34000015258789,11.429999351501465,1654,1336,1577,90,True,13
16.186,29.138,15.487076759338379,16.78023338317871,-38.38549921093158,3.5438427970874695,-73.05698060783118,4.181958769824612,6.702468047628098,-8.600768863271401,-9.34000015258789,11.460000038146973,1653,1336,1576,90,True,13
16.236,29.092,15.487076759338379,16.850317001342773,-38.17722625257038,3.5405984572317135,-73.71311590025928,4.221632350505454,6.726401457366645,-8.554617275049626,-7.199999809265137,11.019999504089355,1651,1337,1575,90,True,13
16.287,29.062,15.600391387939453,16.89726448059082,-38.04202607304456,3.5377799369820253,-74.14823310133494,4.2442919299637945,6.720157810691608,-8.522832135973324,-7.199999809265137,11.050000190734863,1650,1337,1575,90,True,13
16.338,29.019,15.600391387939453,16.965909957885742,-37.83769754892905,3.5371011869332554,-74.79850809145518,4.2734239674343675,6.7223272495267326,-8.471695363431085,-5.039999961853027,10.59999942779541,1649,1339,1574,90,True,13
16.388,28.991,15.737391471862793,17.010469436645508,-37.70078640701614,3.538671703555535,-75.23025800927002,4.281519876034949,6.725883643650194,-8.440266247965273,-5.039999961853027,10.630000114440918,1648,1338,1573,90,True,13
16.439,28.95,15.737391471862793,17.07880401611328,-37.496683279143234,3.5442788619772925,-75.87569039526872,4.290417904976183,6.729587313727633,-8.387470593228366,-2.8899998664855957,10.15999984741211,1646,1340,1573,90,True,13
16.491,28.923,15.839282989501953,17.123981475830078,-37.362674967627584,3.5486664047453793,-76.30386812414766,4.299379966940886,6.726191002162844,-8.354624213509775,-2.8899998664855957,10.1899995803833,1645,1340,1572,90,True,13
16.541,28.884,15.839282989501953,17.189674377441406,-37.15945976434678,3.5597291767666848,-76.94395930221539,4.309784479480931,6.714067843272895,-8.299513124644234,-0.7099999785423279,9.699999809265137,1644,1342,1572,90,True,13
16.592,28.858,15.931169509887695,17.23209571838379,-37.022521301677195,3.5693499250994707,-77.36901563464363,4.310858953614739,6.7125805695811245,-8.26643024962563,-0.7099999785423279,9.739999771118164,1643,1342,1571,90,True,13
16.644,28.821,15.931169509887695,17.29608726501465,-36.81699749445693,3.5879231304434396,-78.00423005764398,4.30722230476853,6.699943438956131,-8.208698929439745,1.4499999284744263,9.239999771118164,1641,1344,1570,90,True,13
16.696,28.798,16.030601501464844,17.338062286376953,-36.68101867336573,3.6020599144780734,-78.42555710678539,4.30230584922659,6.69814325722301,-8.168586082217907,1.4499999284744263,9.279999732971191,1640,1344,1570,90,True,13
16.748,28.764,16.030601501464844,17.398874282836914,-36.474705979296324,3.6281678856936237,-79.05548496336816,4.300643978824161,6.685278169034468,-8.108570917528295,3.609999895095825,8.779999732971191,1639,1346,1569,90,True,13
16.798,28.743,16.13336181640625,17.437984466552734,-36.335991667442535,3.648205526284326,-79.4734993707621,4.294297025537927,6.682924741978575,-8.0692913533852,3.609999895095825,8.809999465942383,1637,1346,1568,90,True,13
16.850,28.713,16.13336181640625,17.49633026123047,-36.12800557702648,3.6827423778224952,-80.09798356657637,4.282197772310072,6.670302125505569,-8.003580664701445,5.75,8.309999465942383,1636,1348,1568,90,True,13
16.900,28.695,16.217594146728516,17.534313201904297,-35.99015869919728,3.707818563586551,-80.51224820011599,4.274954783582097,6.666994179513167,-7.967241496996039,5.75,8.34999942779541,1635,1348,1567,90,True,13
16.952,28.669,16.217594146728516,17.58917808532715,-35.78191647668734,3.7499574156709445,-81.13110432005416,4.273099533448792,6.6489360131213,-7.9055384218077895,7.87999963760376,7.849999904632568,1633,1350,1566,90,True,13
17.003,28.653,16.339021682739258,17.624420166015625,-35.6424849949707,3.7803223022867054,-81.54157136841525,4.267710941080475,6.6417421163779835,-7.8630845272479295,7.87999963760376,7.87999963760376,1632,1350,1566,90,True,13
17.054,28.631,16.339021682739258,17.67340087890625,-35.432808432735065,3.8300981596368198,-82.15474477096397,4.254832619400417,6.626686245013159,-7.801150933175192,9.969999313354492,7.389999866485596,1631,1352,1565,90,True,13
17.105,28.618,16.412094116210938,17.70250701904297,-35.28728442227877,3.8691087850813473,-82.56429657397628,4.247527732083087,6.622279919224855,-7.75885242541895,9.969999313354492,7.429999828338623,1630,1353,1565,90,True,13
17.156,28.6,16.412094116210938,17.745201110839844,-35.06887546318928,3.9308507069705008,-83.17538676882815,4.237985104038933,6.5869255794204,-7.6963638784761494,12.0,6.960000038146973,1628,1355,1564,90,True,13
17.208,28.59,16.49785804748535,17.77290916442871,-34.923348037638405,3.9739829246923084,-83.58052626963662,4.225575077203843,6.57300778832603,-7.657042479424386,12.0,6.989999771118164,1627,1355,1563,90,True,13
17.259,28.577,16.49785804748535,17.811748504638672,-34.705646003128,4.041991545144948,-84.18529170931706,4.210967863890125,6.552771645362574,-7.596795088302996,13.969999313354492,6.539999961853027,1626,1357,1563,90,True,13
17.310,28.57,16.597145080566406,17.834976196289062,-34.5577109358947,4.09142973501797,-84.58810894580773,4.201644655673058,6.545546158994347,-7.553070778557513,13.969999313354492,6.579999923706055,1625,1357,1562,90,True,13
17.360,28.561,16.597145080566406,17.869216918945312,-34.33769346725566,4.168246738178988,-85.18875578141865,4.1922061880137464,6.52305904181255,-7.494239797915254,15.899999618530273,6.12999963760376,1623,1359,1561,90,True,13
17.412,28.556,16.655263900756836,17.891578674316406,-34.19246998512285,4.220578366939156,-85.58616350808667,4.180969673055429,6.504108681960349,-7.446023785016842,15.899999618530273,6.170000076293945,1622,1360,1561,90,True,13
17.464,28.552,16.655263900756836,17.923065185546875,-33.97704240360606,4.300686667506474,-86.17807453174915,4.167874919756045,6.477234875784111,-7.38019869066449,17.779998779296875,5.739999771118164,1621,1362,1560,90,True,13
17.515,28.551,16.697572708129883,17.941965103149414,-33.832331185661,4.356801794180006,-86.57140463548268,4.161898931119107,6.459780327360143,-7.343045876674206,17.779998779296875,5.779999732971191,1620,1362,1560,90,True,13
17.565,28.551,16.697572708129883,17.969850540161133,-33.617982774033074,4.442555246096339,-87.15739388513475,4.150269253396691,6.436185011985511,-7.282948749714556,19.60999870300293,5.369999885559082,1618,1364,1559,90,True,13
17.616,28.553,16.786989212036133,17.988027572631836,-33.476871065780614,4.500365113457681,-87.54507542242467,4.14374514207886,6.4251794427985045,-7.246679591448142,19.619998931884766,5.409999847412109,1617,1364,1558,90,True,13
17.667,28.565,16.86113739013672,18.029067993164062,-33.12715855008679,4.650160126579346,-88.50617183110468,4.1407287597866524,6.379229345157244,-7.140638343262755,21.399999618530273,5.049999713897705,1614,1367,1557,90,True,13
17.719,28.565,16.86113739013672,18.029067993164062,-33.12715855008679,4.650160126579346,-88.50617183110468,4.1407287597866524,6.379229345157244,-7.140638343262755,21.399999618530273,5.049999713897705,1614,1367,1557,90,True,13
17.771,28.585,16.921356201171875,18.066415786743164,-32.7813563176928,4.805301043387016,-89.45433869168585,4.139260696001923,6.330868617625792,-7.042494074418373,23.139999389648438,4.699999809265137,1612,1369,1556,90,True,13
17.823,28.585,16.921356201171875,18.066415786743164,-32.7813563176928,4.805301043387016,-89.45433869168585,4.139260696001923,6.330868617625792,-7.042494074418373,23.139999389648438,4.699999809265137,1612,1369,1556,90,True,13
17.875,28.615,16.924375534057617,18.099376678466797,-32.44018153846149,4.965931724740083,-90.39012924949095,4.134036881947333,6.293790935716378,-6.946343793924811,24.829999923706055,4.380000114440918,1609,1372,1554,90,True,13
17.928,28.637,16.924375534057617,18.117294311523438,-32.236979995559025,5.065089422902567,-90.94602468565995,4.130589770850592,6.2626781433865,-6.887106417026937,26.479999542236328,4.039999961853027,1608,1373,1554,90,True,13
17.980,28.653,16.94849395751953,18.128768920898438,-32.10238770286934,5.1319565479901685,-91.31396014605937,4.130810044451325,6.241184391842117,-6.850903426218107,26.479999542236328,4.069999694824219,1607,1374,1553,90,True,13
18.031,28.681,16.94849395751953,18.144622802734375,-31.901716745054365,5.233487736889231,-91.86183694014277,4.135490431580076,6.2055397689979355,-6.788711565617379,28.06999969482422,3.75,1605,1376,1552,90,True,13
18.082,28.701,16.959592819213867,18.15400505065918,-31.767517188241957,5.302383855047149,-92.22505273982571,4.141620099473339,6.18410450094832,-6.751955329485779,28.06999969482422,3.7799999713897705,1604,1376,1552,90,True,13
18.133,28.733,16.959592819213867,18.16732406616211,-31.566907702129512,5.407503454581407,-92.76622911833333,4.148644949034697,6.152327045834835,-6.697435051983445,29.60999870300293,3.4800000190734863,1602,1378,1551,90,True,13
18.184,28.756,17.0321044921875,18.175630569458008,-31.433456051031218,5.478293242686712,-93.12430178557125,4.157236046350104,6.139658752471754,-6.656311763651267,29.60999870300293,3.509999990463257,1601,1378,1550,90,True,13
18.235,28.796,17.0321044921875,18.191261291503906,-31.236374357625085,5.585464460292913,-93.65662623891453,4.169540632139882,6.11304363971033,-6.597491455179586,31.099998474121094,3.2300000190734863,1599,1380,1549,90,True,13
18.285,28.825,17.087528228759766,18.202083587646484,-31.10598604636954,5.6570222177930205,-94.0139817362896,4.177497802522947,6.079754578356158,-6.558337822649311,31.10999870300293,3.259999990463257,1598,1381,1549,90,True,13
18.336,28.869,17.087528228759766,18.21623992919922,-30.914529013744914,5.763173602778774,-94.53496807561066,4.197829568134782,6.043496519147145,-6.501383863368337,32.59000015258789,2.9800000190734863,1596,1383,1548,90,True,13
18.387,28.901,17.1417179107666,18.22456932067871,-30.78672592909022,5.834592195174543,-94.87970821358871,4.211943727167791,6.019369729677721,-6.46844655675642,32.59000015258789,3.009999990463257,1595,1383,1547,90,True,13
18.439,28.951,17.1417179107666,18.238391876220703,-30.596552972029553,5.942928386921054,-95.39281934479675,4.222010572230743,5.9978341432246705,-6.411109253108279,34.0099983215332,2.75,1594,1385,1547,90,True,13
18.490,28.986,17.190271377563477,18.24716567993164,-30.471345359259466,6.015058599650974,-95.7313440106301,4.233598841931316,5.970798120055645,-6.377967467708085,34.02000045776367,2.7799999713897705,1593,1385,1546,90,True,13
18.542,29.04,17.190271377563477,18.258203506469727,-30.282063741885487,6.125168506147572,-96.23656627334677,4.24683147967457,5.929939501553806,-6.32971986518476,35.38999938964844,2.5399999618530273,1591,1387,1545,90,True,13
18.593,29.077,17.227495193481445,18.26425552368164,-30.154738770472694,6.199528348754678,-96.57146410873084,4.2607684806759805,5.916079340180557,-6.291959164358345,35.39999771118164,2.559999942779541,1590,1388,1545,90,True,13
18.644,29.136,17.227495193481445,18.273670196533203,-29.963288568037235,6.312582066783552,-97.07034112570857,4.278449706003028,5.877172875120872,-6.236682870292255,36.71999740600586,2.3499999046325684,1589,1389,1544,90,True,13
18.697,29.178,17.218555450439453,18.27923583984375,-29.83603531361073,6.388434732611128,-97.40016413053931,4.289432650188409,5.851157538345939,-6.206924162965333,36.72999954223633,2.369999885559082,1587,1390,1543,90,True,13
18.748,29.242,17.218555450439453,18.285537719726562,-29.64276828085605,6.503863648923875,-97.89253880742719,4.309804543161618,5.810780875067409,-6.1612301974179475,38.0,2.169999837875366,1586,1391,1543,90,True,13
18.799,29.287,17.21750831604004,18.288368225097656,-29.51230825261422,6.582323739467104,-98.21939067996898,4.3317136555849025,5.800673902643083,-6.125907447238403,38.0099983215332,2.190000057220459,1585,1392,1542,90,True,13
18.851,29.357,17.21750831604004,18.29237174987793,-29.315578313950343,6.701288132448978,-98.70634901684504,4.352903036824398,5.754875349824031,-6.078239983907707,39.21999740600586,2.0,1583,1394,1541,90,True,13
18.902,29.405,17.209095001220703,18.294204711914062,-29.184257681873092,6.781065595728373,-99.02834462488696,4.365622129719431,5.725392838271672,-6.042074986026136,39.22999954223633,2.0299999713897705,1582,1394,1541,90,True,13
18.952,29.481,17.209095001220703,18.294921875,-28.98516449775639,6.902459828507479,-99.50910114999664,4.3923166434299565,5.685555759937572,-5.991324972945649,40.39999771118164,1.8600000143051147,1580,1396,1540,90,True,13
19.004,29.533,17.201265335083008,18.294158935546875,-28.850889808863112,6.9841407801311925,-99.8276475125077,4.415872685216861,5.667609437893364,-5.960593817435646,40.39999771118164,1.8799999952316284,1579,1397,1539,90,True,13
19.056,29.615,17.201265335083008,18.289400100708008,-28.6470837942191,7.107884597984783,-100.30309015044311,4.453451105369802,5.623424090378905,-5.917063741194685,41.52000045776367,1.71999990940094,1577,1398,1538,90,True,13
19.109,29.671,17.215303421020508,18.283031463623047,-28.505741567082147,7.19326580459135,-100.62044806003858,4.473980519580745,5.589900668158836,-5.877170740686756,41.52000045776367,1.75,1576,1399,1538,90,True,13
19.159,29.758,17.215303421020508,18.272550582885742,-28.291729542270847,7.322438342174631,-101.09365039592623,4.499648797368476,5.549505221860088,-5.831158317569319,42.56999969482422,1.6100000143051147,1574,1400,1537,90,True,13
19.209,29.817,17.228788375854492,18.26490592956543,-28.147728663999466,7.40960607013598,-101.40741562601828,4.527923646098213,5.529057343032362,-5.79943891906378,42.57999801635742,1.6299999952316284,1573,1401,1536,90,True,13
19.261,29.908,17.228788375854492,18.2511043548584,-27.929915638915055,7.541167466381474,-101.8748874331923,4.561027865457972,5.483697629867485,-5.753159691681889,43.56999969482422,1.5099999904632568,1571,1403,1535,90,True,13
19.312,29.971,17.201168060302734,18.239641189575195,-27.78117802445427,7.630633552998532,-102.18581813477878,4.586820367311233,5.4509601062887905,-5.719848859099737,43.57999801635742,11.829999923706055,1570,1384,1535,90,True,13
19.364,30.069,17.201168060302734,18.22185516357422,-27.559488867015876,7.7959394988384725,-102.66468269748837,4.62783437261669,6.227661471059138,-5.675042818144453,44.529998779296875,9.869999885559082,1569,1374,1534,90,True,13
19.416,30.136,17.182214736938477,18.20929527282715,-27.412383667766726,7.918986210509899,-102.98807166412098,4.654036258933329,6.3476192296784255,-5.645666174524228,44.53999710083008,9.869999885559082,1567,1372,1533,90,True,13
19.468,30.309,17.202356338500977,18.156028747558594,-27.04277139592607,8.23937587032321,-103.79392470315575,4.724073018682639,6.421943213792388,-5.5579592885052715,45.45000076293945,10.739999771118164,1564,1368,1532,88,True,13
19.520,30.309,17.202356338500977,18.156028747558594,-27.04277139592607,8.23937587032321,-103.79392470315575,4.724073018682639,6.421943213792388,-5.5579592885052715,45.45000076293945,10.739999771118164,1564,1368,1532,88,True,13
19.570,30.488,17.16348648071289,18.078561782836914,-26.66962962383181,8.565998931527805,-104.59009253394747,4.810739154626815,6.362715655291446,-5.489435415657119,46.29999923706055,11.269999504089355,1561,1366,1530,86,True,13
19.622,30.488,17.16348648071289,18.078561782836914,-26.66962962383181,8.565998931527805,-104.59009253394747,4.810739154626815,6.362715655291446,-5.489435415657119,46.29999923706055,11.269999504089355,1561,1366,1530,86,True,13
19.672,30.674,17.142282485961914,17.977663040161133,-26.29204652122975,8.891550506806354,-105.37358353363963,4.90948191879722,6.267394389008394,-5.426129380448033,47.06999969482422,11.699999809265137,1558,1366,1529,84,True,13
19.723,30.674,17.142282485961914,17.977663040161133,-26.29204652122975,8.891550506806354,-105.37358353363963,4.90948191879722,6.267394389008394,-5.426129380448033,47.06999969482422,11.699999809265137,1558,1366,1529,84,True,13
19.773,30.866,17.0706729888916,17.855989456176758,-25.90758541813349,9.213088492173874,-106.14438404185391,5.018818306370315,6.1272743388460515,-5.371472499162298,47.77000045776367,12.0,1555,1365,1527,82,True,13
19.825,30.866,17.0706729888916,17.855989456176758,-25.90758541813349,9.213088492173874,-106.14438404185391,5.018818306370315,6.1272743388460515,-5.371472499162298,47.77000045776367,12.0,1555,1365,1527,82,True,13
19.876,31.064,17.0185604095459,17.714540481567383,-25.515471088072225,9.527433434571725,-106.90131926605306,5.13304937825737,5.953011880570108,-5.327420340336654,48.41999816894531,12.0,1552,1366,1526,80,True,13
19.926,31.186,17.0185604095459,17.620513916015625,-25.275311391570824,9.71198514594547,-107.3493796756059,5.214000353413538,5.852456554948711,-5.304016697145606,49.0,12.0,1550,1367,1525,78,True,13
19.977,31.269,16.942249298095703,17.555803298950195,-25.113248078039344,9.832454314978863,-107.64507905534326,5.268845064901448,5.775487153191838,-5.289757823479558,49.0099983215332,12.0,1549,1367,1524,78,True,13
20.028,31.395,16.942249298095703,17.452171325683594,-24.867477381134776,10.01051137022557,-108.08462221900109,5.347535247442342,5.669197883762215,-5.267923843137143,48.78999710083008,12.0,1547,1368,1523,76,True,13
20.079,31.479,16.805936813354492,17.38056182861328,-24.70033069931352,10.127069402185484,-108.37574537199454,5.406674013484074,5.596123397379541,-5.251257754675488,48.79999923706055,12.0,1546,1368,1523,76,True,13
20.129,31.606,16.805936813354492,17.267763137817383,-24.44593688858181,10.29779766445277,-108.80800755399714,5.50149326086313,5.44746518386786,-5.229030611568974,48.529998779296875,12.0,1544,1369,1522,74,True,13
20.180,31.69,16.683326721191406,17.1909122467041,-24.273664149788452,10.408199134649562,-109.09297670654841,5.558733661202422,5.361645991380765,-5.220669606251232,48.53999710083008,12.0,1543,1369,1521,74,True,13
20.231,31.818,16.683326721191406,17.07033920288086,-24.011331951693897,10.5690304528095,-109.5159703218473,5.657195106956387,5.20407608854951,-5.208080713837253,48.25,12.0,1540,1370,1520,72,True,13
20.281,31.905,16.529024124145508,16.988096237182617,-23.832654203006364,10.672746021582498,-109.79583732308858,5.725266479772026,5.114971575071639,-5.202178149733892,48.2599983215332,12.0,1539,1370,1519,72,True,13
20.332,32.036,16.529024124145508,16.858457565307617,-23.556658211477195,10.825823367487176,-110.21706191939244,5.827032029536985,4.966984000759088,-5.182446160108548,47.93000030517578,12.0,1536,1371,1518,70,True,13
20.383,32.123,16.389266967773438,16.772022247314453,-23.37158740572653,10.92256104424936,-110.49076125981318,5.901993355677875,4.859998478920947,-5.172349432967978,47.939998626708984,12.0,1535,1371,1517,70,True,13
20.435,32.252,16.389266967773438,16.641246795654297,-23.09035778174584,11.061994233513293,-110.89615347762094,6.008092660471207,4.706294890046742,-5.1596828471521885,47.59000015258789,12.0,1532,1372,1516,67,True,13
20.485,32.339,16.175825119018555,16.553449630737305,-22.900972003987018,11.149675079436038,-111.161950289172,6.084307753211617,4.598813752606953,-5.149629235580753,47.599998474121094,12.0,1531,1372,1515,67,True,13
20.537,32.47,16.175825119018555,16.4174861907959,-22.611730568109902,11.276517668738698,-111.55640737411856,6.194655435668697,4.456425652753342,-5.136028194509142,47.23999786376953,12.0,1528,1372,1514,65,True,13
20.588,32.557,16.004507064819336,16.325653076171875,-22.415074053979602,11.357487853801908,-111.81635754374008,6.274400455549535,4.347838451554834,-5.124476210188535,47.23999786376953,12.0,1527,1373,1513,65,True,13
20.639,32.687,16.004507064819336,16.186254501342773,-22.115392673956123,11.47240407904008,-112.20138896763204,6.385155814922699,4.182290887773004,-5.11786970971384,46.86000061035156,12.0,1524,1373,1512,63,True,13
20.691,32.774,15.790172576904297,16.092838287353516,-21.912413112201683,11.544969716329588,-112.45474117451532,6.466588318415353,4.078836573735759,-5.107760602855398,46.869998931884766,12.0,1522,1374,1511,63,True,13
20.741,32.903,15.790172576904297,15.949026107788086,-21.6010486936029,11.648027025621325,-112.83093433362129,6.589312303648496,3.902210870006991,-5.100620493851796,46.46999740600586,12.0,1519,1374,1509,61,True,13
20.792,32.988,15.572016716003418,15.852256774902344,-21.38878519721912,11.713337294464987,-113.0792253703296,6.671734330797156,3.8049280587716763,-5.088998500092196,46.46999740600586,12.0,1518,1374,1509,61,True,13
20.843,33.114,15.572016716003418,15.705604553222656,-21.064084834265884,11.805499598256908,-113.4478916609702,6.791222940797828,3.6227080032258447,-5.083698700183089,46.04999923706055,12.0,1515,1375,1507,59,True,13
20.894,33.196,15.336636543273926,15.607532501220703,-20.843471431621765,11.862739998596199,-113.69075952747751,6.8701094912773595,3.519283357822808,-5.075814527446779,46.05999755859375,12.0,1513,1375,1506,59,True,13
20.945,33.319,15.336636543273926,15.457537651062012,-20.505237048828146,11.943576994970593,-114.05207653457119,6.993906243097018,3.3530619531906733,-5.063791686960264,45.619998931884766,12.0,1510,1375,1504,57,True,13
20.996,33.399,15.129136085510254,15.356910705566406,-20.274887211522174,11.994134055207027,-114.29061406114471,7.0756943433133355,3.2503295047713348,-5.05247363661873,45.62999725341797,12.0,1508,1376,1504,57,True,13
21.047,33.517,15.129136085510254,15.206612586975098,-19.922408469214496,12.06383101304513,-114.64467057715066,7.199697281468564,3.0673231236973058,-5.038841432809031,45.16999816894531,12.0,1504,1376,1502,57,True,13
21.099,33.595,14.936298370361328,15.106914520263672,-19.682624433117443,12.10667252084039,-114.8781947448734,7.292627127768465,2.9689397982319727,-5.028536811785597,45.18000030517578,12.0,1502,1376,1501,57,True,13
21.150,33.71,14.936298370361328,14.95819091796875,-19.31552225579677,12.166458874192802,-115.22535960000681,7.4151035186441945,2.8221882747157827,-5.014804716459286,44.709999084472656,12.0,1500,1377,1500,56,True,13
21.202,33.786,14.717456817626953,14.859684944152832,-19.066290360530296,12.202808287181965,-115.45470369195749,7.4917689769830025,2.707264578958206,-5.009227440115148,44.71999740600586,12.0,1498,1377,1499,56,True,13
21.254,33.9,14.717456817626953,14.712165832519531,-18.686012748300666,12.252708795484432,-115.79593994289134,7.607328947550448,2.5686006397495458,-5.002260220274912,44.25,12.0,1494,1377,1497,56,True,13
21.306,33.975,14.48738956451416,14.613521575927734,-18.42570740884231,12.2842164581257,-116.02409558192645,7.693369694298745,2.479591962363467,-4.988042754630707,44.25,12.0,1492,1377,1496,56,True,13
21.356,34.086,14.48738956451416,14.467394828796387,-18.028398719917252,12.327977480137973,-116.36303688929915,7.812723834950133,2.3518097951631063,-4.963311066532914,43.779998779296875,12.0,1489,1378,1495,56,True,13
21.407,34.158,14.24267864227295,14.371170997619629,-17.7593234175646,12.354248949006779,-116.58668460348206,7.883708283446783,2.249476059036567,-4.946069534633686,43.779998779296875,12.0,1487,1378,1494,56,True,13
21.458,34.265,14.24267864227295,14.228126525878906,-17.349742586248325,12.389433814742453,-116.91876840092807,7.987514352226283,2.116853635592195,-4.923358728756571,43.30999755859375,12.0,1483,1378,1492,57,True,13
21.509,34.336,13.983403205871582,14.133153915405273,-17.071480679462006,12.41117089177602,-117.13957475641624,8.057567333674871,2.0367427737039385,-4.897420231609801,43.30999755859375,12.0,1481,1378,1491,57,True,13
21.560,34.441,13.983403205871582,13.993117332458496,-16.648748318898868,12.440121502346765,-117.46657689311978,8.157424699340458,1.912011139741635,-4.861784573388905,42.82999801635742,12.0,1476,1379,1488,57,True,13
21.611,34.509,13.739335060119629,13.901236534118652,-16.36309956252518,12.456613847871408,-117.68138634251667,8.233293586867314,1.8151182896192457,-4.829371483795787,42.84000015258789,12.0,1474,1379,1487,57,True,13
21.663,34.611,13.739335060119629,13.76534366607666,-15.929158861534052,12.477415188988681,-117.99870327097713,8.335305023442393,1.689030756384989,-4.790599914972209,42.369998931884766,12.0,1470,1379,1485,57,True,13
21.715,34.677,13.528218269348145,13.675683975219727,-15.635455604581626,12.489163114361103,-118.20885453136007,8.401350391395479,1.6098348196803969,-4.758662804186876,42.369998931884766,12.0,1468,1379,1484,57,True,13
21.766,34.774,13.528218269348145,13.544025421142578,-15.190033355595707,12.503567983320659,-118.51908172346205,8.49690388411031,1.494967366261767,-4.70712091604949,41.89999771118164,12.0,1463,1379,1482,57,True,13
21.817,34.838,13.3464937210083,13.457886695861816,-14.889742381188805,12.511026549894314,-118.72248475694504,8.562505289767344,1.415511668925303,-4.669904922809383,41.89999771118164,12.0,1461,1380,1481,57,True,13
21.867,34.994,13.141572952270508,13.247766494750977,-14.126812812219319,12.520766399650752,-119.22018698138552,8.707428243576674,1.2083895974392511,-4.568149191441357,41.45000076293945,12.0,1454,1380,1477,58,True,13
21.918,34.994,13.141572952270508,13.247766494750977,-14.126812812219319,12.520766399650752,-119.22018698138552,8.707428243576674,1.2083895974392511,-4.568149191441357,41.45000076293945,12.0,1454,1380,1477,58,True,13
21.970,35.146,12.928671836853027,13.046201705932617,-13.34751896377213,12.520390739246402,-119.7022890537617,8.838092323719957,1.0243794987223476,-4.452355713781661,41.0,12.0,1447,1380,1474,58,True,13
22.020,35.146,12.928671836853027,13.046201705932617,-13.34751896377213,12.520390739246402,-119.7022890537617,8.838092323719957,1.0243794987223476,-4.452355713781661,41.0,12.0,1447,1380,1474,58,True,13
22.070,35.294,12.704345703125,12.853836059570312,-12.553903062409068,12.510477573439774,-120.16768448342803,8.948624421284627,0.8491499283486126,-4.333295271264584,40.56999969482422,12.0,1439,1380,1470,59,True,13
22.121,35.294,12.704345703125,12.853836059570312,-12.553903062409068,12.510477573439774,-120.16768448342803,8.948624421284627,0.8491499283486126,-4.333295271264584,40.56999969482422,12.0,1439,1380,1470,59,True,13
22.173,35.438,12.494450569152832,12.670860290527344,-11.745853263782479,12.49107471355506,-120.61618202508775,9.055942914844806,0.6582373898668821,-4.18920090477894,40.13999938964844,12.0,1432,1381,1466,59,True,13
22.223,35.438,12.494450569152832,12.670860290527344,-11.745853263782479,12.49107471355506,-120.61618202508775,9.055942914844806,0.6582373898668821,-4.18920090477894,40.13999938964844,12.0,1432,1381,1466,59,True,13
22.274,35.577,12.340980529785156,12.498414039611816,-10.924814152901817,12.462807121901315,-121.04603315031333,9.147932756360184,0.49638485170432295,-4.037183518856082,39.73999786376953,12.0,1424,1381,1462,60,True,13
22.324,35.577,12.340980529785156,12.498414039611816,-10.924814152901817,12.462807121901315,-121.04603315031333,9.147932756360184,0.49638485170432295,-4.037183518856082,39.73999786376953,12.0,1424,1381,1462,60,True,13
22.376,35.713,12.138851165771484,12.337040901184082,-10.091376541130291,12.427754591080811,-121.45708759494305,9.223458426881246,0.34608984739107157,-3.861034220821923,39.349998474121094,12.0,1416,1381,1458,61,True,13
22.429,35.794,12.138851165771484,12.247498512268066,-9.579769759086949,12.40278000438066,-121.69634912156859,9.259176047372181,0.25621677754901573,-3.751836998353167,38.97999954223633,12.0,1410,1381,1455,62,True,13
22.481,35.847,11.966056823730469,12.191095352172852,-9.24210057444715,12.383957710575396,-121.84944098162525,9.282590789620631,0.20139207638093987,-3.6713726741753625,38.97999954223633,12.0,1408,1381,1454,62,True,13
22.532,35.925,11.966056823730469,12.110121726989746,-8.732857037856633,12.354605826390912,-122.07176363910916,9.30725631026084,0.12324167888767544,-3.5487616005069365,38.63999938964844,12.0,1402,1381,1451,64,True,13
22.583,35.976,11.863268852233887,12.057726860046387,-8.391451739740837,12.334478112680532,-122.21499270600434,9.327234613583128,0.07779378691339572,-3.462819464614782,38.63999938964844,12.0,1399,1381,1450,64,True,13
22.634,36.052,11.863268852233887,11.986162185668945,-7.877194844299529,12.302455624530573,-122.42295830585289,9.345431945079334,0.0010266628096175416,-3.3331843951586437,38.32999801635742,12.0,1394,1381,1447,65,True,13
22.684,36.102,11.706887245178223,11.940888404846191,-7.532919159185036,12.279604372888649,-122.55726714569202,9.361115766960976,-0.03849023373187095,-3.2393670511534642,38.32999801635742,12.0,1391,1381,1446,65,True,13
22.735,36.176,11.706887245178223,11.877341270446777,-7.014009197371658,12.245285233630273,-122.75075274450013,9.369967692125313,-0.10284618707727525,-3.0961968946398883,38.04999923706055,12.0,1385,1381,1443,67,True,13
22.788,36.226,11.516867637634277,11.836702346801758,-6.666349580410247,12.222490331049002,-122.87443380999073,9.380103692853611,-0.13537226827638998,-2.9964212778009305,38.04999923706055,12.0,1383,1381,1442,67,True,13
22.839,36.3,11.516867637634277,11.783007621765137,-6.1430179248829315,12.187347300221994,-123.05199140765438,9.381145296702039,-0.19587772582257273,-2.8367288936850934,37.79999923706055,12.0,1377,1380,1439,68,True,13
22.889,36.349,11.361678123474121,11.749652862548828,-5.793176489368524,12.163791685321913,-123.16576869884845,9.379558985267304,-0.19948266498195108,-2.7264081050978706,37.79999923706055,12.0,1374,1380,1437,68,True,13
22.940,36.423,11.361678123474121,11.705015182495117,-5.266590248701697,12.129544263049823,-123.32727535196257,9.370342498756017,-0.2459456671411975,-2.5546258592642883,37.59000015258789,12.0,1368,1380,1434,70,True,13
22.990,36.472,11.251798629760742,11.677207946777344,-4.91413071630106,12.10743750202743,-123.42885392529901,9.369455427937561,-0.2578423358910523,-2.4400120833403007,37.59000015258789,12.0,1365,1380,1433,70,True,13
23.041,36.545,11.251798629760742,11.641517639160156,-4.384080715951391,12.074621004386458,-123.57252012430105,9.35395602116351,-0.2859127058325122,-2.25382069967893,37.40999984741211,12.0,1359,1380,1430,71,True,13
23.091,36.595,11.17114543914795,11.619650840759277,-4.029871801349584,12.052474969776338,-123.66292450815534,9.346083374371425,-0.2997838595414561,-2.1267209110653362,37.40999984741211,12.0,1356,1380,1428,71,True,13
23.143,36.669,11.17114543914795,11.589900016784668,-3.4969768137671924,12.020792283537586,-123.78814919639835,9.32673515600007,-0.32125301173265736,-1.9335093735976618,37.27000045776367,12.0,1350,1380,1425,72,True,13
23.193,36.718,11.109482765197754,11.571189880371094,-3.1408684662458874,12.000583461330812,-123.86455169245411,9.311162324692441,-0.3243366286995065,-1.7982065277908825,37.27000045776367,12.0,1347,1380,1424,72,True,13
23.244,36.792,11.109482765197754,11.546466827392578,-2.605836056340105,11.971917157384269,-123.96832958670329,9.27620200142573,-0.3382982824149531,-1.5940069234959502,37.14999771118164,12.0,1341,1380,1421,73,True,13
23.294,36.841,11.063558578491211,11.531076431274414,-2.2482000943222444,11.953753976833912,-124.03159079879595,9.25311083938921,-0.34109617869499886,-1.4549804506527504,37.14999771118164,12.0,1338,1379,1419,73,True,13
23.345,36.916,11.063558578491211,11.512231826782227,-1.711583614137548,11.928664984465163,-124.11531525764197,9.206546024722648,-0.331814458541054,-1.2487098049354233,37.04999923706055,12.0,1333,1379,1417,75,True,13
23.396,36.966,11.009751319885254,11.501114845275879,-1.3537902376036595,11.91315191731277,-124.16380960074906,9.174876145088591,-0.3300833257515731,-1.1112226859764152,37.04999923706055,12.0,1330,1379,1415,75,True,13
23.447,37.041,11.009751319885254,11.488774299621582,-0.8169195463157918,11.891333731782812,-124.22493979382067,9.129272679547709,-0.32679266867550794,-0.8958599912567431,36.97999954223633,12.0,1325,1379,1413,76,True,13
23.497,37.092,10.930819511413574,11.482060432434082,-0.4591174186020293,11.877167065670559,-124.25981473972276,9.0920344881928,-0.32093674195757405,-0.7517911846196343,36.96999740600586,12.0,1322,1379,1411,76,True,13
23.549,37.17,10.930819511413574,11.476688385009766,0.07684573131019283,11.857064965169565,-124.30041338414931,9.032287408428113,-0.3134299104924804,-0.5322276033952871,36.93000030517578,12.0,1317,1379,1409,77,True,13
23.599,37.222,10.951800346374512,11.47472095489502,0.4336345164172406,11.84451620011696,-124.31977014025712,8.989480051578704,-0.2961337904407454,-0.38654556477315954,36.93000030517578,12.0,1314,1379,1407,77,True,13
23.651,37.301,10.951800346374512,11.476396560668945,0.9677617128145847,11.827130807358339,-124.33721444339734,8.928093726413215,-0.2709879954440939,-0.1691833988750324,36.90999984741211,12.0,1308,1378,1404,79,True,13
23.703,37.354,10.963155746459961,11.47925090789795,1.3232225797469137,11.816468882063948,-124.34267859473334,8.888723662263615,-0.23341170972526876,-0.02174352369160544,36.90999984741211,12.0,1305,1378,1403,79,True,13
23.755,37.434,10.963155746459961,11.488158226013184,1.8555024234171809,11.80232868293473,-124.33908591522993,8.822082360305448,-0.20027603414273037,0.20111761483409643,36.91999816894531,12.0,1301,1378,1401,80,True,13
23.805,37.488,10.940560340881348,11.495649337768555,2.2097068557073447,11.793913036103628,-124.32886795223159,8.779088027027509,-0.16983693592081153,0.34968423444179075,36.90999984741211,12.0,1298,1378,1399,80,True,13
23.857,37.569,10.940560340881348,11.512812614440918,2.7398129916742553,11.782868620215718,-124.30177942198331,8.713109253418832,-0.13292424576853543,0.5706728706034377,36.95000076293945,12.0,1294,1378,1397,82,True,13
23.907,37.625,10.889447212219238,11.5264253616333,3.0923250311541373,11.77585913857999,-124.27801036367167,8.665318419796254,-0.0937794577996271,0.7160381325223795,36.95000076293945,12.0,1291,1378,1396,82,True,13
23.958,37.709,10.889447212219238,11.550617218017578,3.6195584322448227,11.767417878539502,-124.23019903948158,8.59230284379517,-0.03795079219473209,0.9378714176244337,37.02000045776367,12.0,1286,1378,1393,83,True,13
24.009,37.766,10.965982437133789,11.567914962768555,3.9704316532107247,11.763301835790923,-124.19021511208032,8.548508524610694,0.014227369084995854,1.087286501473517,37.02000045776367,12.0,1283,1377,1392,83,True,13
24.060,37.853,10.965982437133789,11.597577095031738,4.495411091875306,11.76050999596768,-124.11830688049844,8.473770887165124,0.09639888870717989,1.3054290831853843,37.119998931884766,12.0,1279,1377,1390,84,True,13
24.111,37.911,10.997771263122559,11.618871688842773,4.844400461290753,11.759206283609855,-124.06464891437881,8.430673247275989,0.14805484900783264,1.4540588020016219,37.119998931884766,12.0,1276,1377,1388,84,True,13
24.163,38.0,10.997771263122559,11.654423713684082,5.366787843165315,11.7594009440012,-123.97186762469336,8.364040483054284,0.21258387494453468,1.671737464458457,37.23999786376953,12.0,1272,1377,1386,85,True,13
24.214,38.06,11.059502601623535,11.679136276245117,5.714231882281048,11.76112300544569,-123.90185818570073,8.314350003068794,0.2713553582358201,1.817940651850342,37.23999786376953,12.0,1269,1377,1385,85,True,13
24.264,38.151,11.059502601623535,11.720303535461426,6.234519834759476,11.765865718050616,-123.78481606408339,8.247748828472,0.3447084683118629,2.0308331659679966,37.38999938964844,12.0,1265,1377,1383,86,True,13
24.315,38.213,11.046281814575195,11.74941635131836,6.580406590744446,11.769431076797362,-123.701679001506,8.205252245229827,0.4003589553588492,2.168318684101418,37.38999938964844,12.0,1263,1377,1382,86,True,13
24.371,38.371,11.131587028503418,11.828740119934082,7.442852869694663,11.784158672195202,-123.46561400341201,8.094464869344927,0.5519693046958569,2.511954038981222,37.55999755859375,12.0,1256,1377,1379,87,True,13
24.423,38.371,11.131587028503418,11.828740119934082,7.442852869694663,11.784158672195202,-123.46561400341201,8.094464869344927,0.5519693046958569,2.511954038981222,37.55999755859375,12.0,1256,1377,1379,87,True,13
24.473,38.535,11.20235538482666,11.917633056640625,8.301903690853738,11.806886126658421,-123.19216054980139,7.986935493694125,0.7330264671746408,2.851441121157301,37.73999786376953,12.0,1250,1376,1375,88,True,13
24.524,38.535,11.20235538482666,11.917633056640625,8.301903690853738,11.806886126658421,-123.19216054980139,7.986935493694125,0.7330264671746408,2.851441121157301,37.73999786376953,12.0,1250,1376,1375,88,True,13
24.575,38.706,11.241983413696289,12.014897346496582,9.165452191581267,11.838477459117023,-122.87969305565164,7.889527604619634,0.9081165522789194,3.1785965102303337,37.959999084472656,12.0,1244,1376,1372,89,True,13
24.627,38.706,11.241983413696289,12.014897346496582,9.165452191581267,11.838477459117023,-122.87969305565164,7.889527604619634,0.9081165522789194,3.1785965102303337,37.959999084472656,12.0,1244,1376,1372,89,True,13
24.677,38.881,11.286304473876953,12.120176315307617,10.01856074816243,11.873526574842943,-122.54082005017062,7.793621503388899,1.082344326000484,3.49280292785408,38.18000030517578,12.0,1238,1376,1369,90,True,13
24.727,38.881,11.286304473876953,12.120176315307617,10.01856074816243,11.873526574842943,-122.54082005017062,7.793621503388899,1.082344326000484,3.49280292785408,38.18000030517578,12.0,1238,1376,1369,90,True,13
24.777,39.062,11.362527847290039,12.222082138061523,10.868479606401198,11.91284455880012,-122.16983149521221,7.694603397217579,1.2519829596517402,3.80507191963107,38.43000030517578,12.0,1233,1376,1367,90,True,13
24.828,39.062,11.362527847290039,12.222082138061523,10.868479606401198,11.91284455880012,-122.16983149521221,7.694603397217579,1.2519829596517402,3.80507191963107,38.43000030517578,12.0,1233,1376,1367,90,True,13
24.881,39.248,11.432212829589844,12.325071334838867,11.71531121913512,11.954755453320965,-121.76880376828409,7.597022192092899,1.407327394752335,4.090255796254374,38.66999816894531,12.0,1227,1376,1364,90,True,13
24.932,39.363,11.432212829589844,12.384660720825195,12.22208564234068,11.981005577848617,-121.51223454230173,7.536294980182316,1.4958094005203826,4.263906952599601,38.90999984741211,12.0,1224,1376,1362,90,True,13
24.984,39.439,11.545863151550293,12.423211097717285,12.559621638291661,11.999365980111257,-121.33344751058748,7.496302515044598,1.5508201709824885,4.374382274216796,38.90999984741211,12.0,1221,1376,1361,90,True,13
25.035,39.556,11.545863151550293,12.482129096984863,13.065392877462875,12.027133260408299,-121.05575933969143,7.443568332010222,1.6339608620978803,4.541609637647626,39.12999725341797,12.0,1219,1376,1360,90,True,13
25.087,39.635,11.6103515625,12.520966529846191,13.401882146923553,12.045024940939147,-120.86559321281995,7.403682588578286,1.6880183942839462,4.6515953200786955,39.13999938964844,12.0,1216,1376,1358,90,True,13
25.139,39.755,11.6103515625,12.577374458312988,13.90646322563189,12.072461810835087,-120.56864390846447,7.356055679495788,1.7637311479552433,4.810024972971726,39.36000061035156,12.0,1214,1376,1357,90,True,13
25.189,39.835,11.694114685058594,12.613882064819336,14.242364245050302,12.091217510295943,-120.3633694031489,7.30990665259495,1.817199362881984,4.917552214188413,39.36000061035156,12.0,1211,1376,1356,90,True,13
25.241,39.957,11.694114685058594,12.66928768157959,14.746089842565096,12.118866116056154,-120.04564266333824,7.265428460719828,1.8913338092464793,5.075996808120253,39.56999969482422,12.0,1209,1376,1355,90,True,13
25.292,40.04,11.823486328125,12.705849647521973,15.081274545894303,12.136595579594214,-119.8288387987037,7.223573915259635,1.946356319096221,5.173184850480834,39.56999969482422,12.0,1206,1375,1353,90,True,13
25.342,40.164,11.823486328125,12.758950233459473,15.583774978226725,12.164162223084386,-119.49230171791883,7.17201708608344,2.0384048575497786,5.330943437287911,39.779998779296875,12.0,1204,1375,1352,90,True,13
25.394,40.246,11.913419723510742,12.793364524841309,15.918520841901758,12.182445785718864,-119.2610998145139,7.135120831073855,2.0847929410715667,5.4305702840690095,39.779998779296875,12.0,1202,1375,1351,90,True,13
25.445,40.371,11.913419723510742,12.84290599822998,16.42020335908107,12.209421617845829,-118.9041404681107,7.081461584293765,2.157122936834709,5.58106923356201,39.97999954223633,12.0,1199,1375,1350,90,True,13
25.496,40.454,11.997333526611328,12.874369621276855,16.754312307616,12.22806888805361,-118.65731109188478,7.045515152465634,2.201364419966409,5.679616483567423,39.97999954223633,12.0,1197,1375,1349,90,True,13
25.546,40.579,11.997333526611328,12.92076587677002,17.25530839078373,12.25507118716361,-118.27732034760028,7.000915724732743,2.2656322311879977,5.827491786645491,40.15999984741211,12.0,1195,1375,1348,90,True,13
25.597,40.663,12.099950790405273,12.951227188110352,17.588951178907802,12.272375471425837,-118.01766387611308,6.962060912978656,2.313219012909123,5.924088590756043,40.15999984741211,12.0,1193,1375,1347,90,True,13
25.647,40.789,12.099950790405273,12.995701789855957,18.08870587519388,12.29679169016134,-117.61919063993454,6.907632843030117,2.376045654215839,6.069622419609266,40.34000015258789,12.0,1191,1375,1346,90,True,13
25.699,40.874,12.140690803527832,13.02432632446289,18.421363408530183,12.312980946041563,-117.34647484675426,6.871926321596583,2.432161848106429,6.155844593257392,40.34000015258789,12.0,1191,1374,1346,90,True,13
25.750,41.001,12.140690803527832,13.066964149475098,18.918493604627685,12.336321409982789,-116.92951911868167,6.79177362479966,2.5114654670121546,6.284346491641543,40.5,12.0,1191,1374,1346,90,True,13
25.800,41.086,12.18913459777832,13.095174789428711,19.248067307553722,12.350697250638373,-116.6469405323399,6.727512643767242,2.5534194771021346,6.364912841770074,40.5,12.0,1191,1374,1346,90,True,13
25.852,41.216,12.18913459777832,13.136693000793457,19.738626861669673,12.370091572786624,-116.21635174668396,6.619478261004681,2.616866598406264,6.4819161166865085,40.65999984741211,12.0,1191,1374,1346,90,True,13
25.902,41.302,12.236915588378906,13.163619995117188,20.062963517049603,12.382149417992636,-115.92400598982907,6.543658892349308,2.659136718188769,6.556905190470902,40.65999984741211,12.0,1191,1374,1346,90,True,13
25.953,41.431,12.236915588378906,13.203961372375488,20.544990457344916,12.398476131429906,-115.47960656167136,6.422645015729607,2.737469383015295,6.665888115754448,40.80999755859375,12.0,1191,1373,1346,90,True,13
26.003,41.518,12.310697555541992,13.230828285217285,20.86319531039747,12.408315872702955,-115.17931046462259,6.336707575592507,2.7839836115933165,6.73780018931775,40.80999755859375,12.0,1191,1373,1346,90,True,13
26.054,41.647,12.310697555541992,13.270587921142578,21.33569925944249,12.420636680192011,-114.72324507336249,6.211686085477301,2.8408632925670667,6.843765024761797,40.95000076293945,12.0,1191,1373,1346,90,True,13
26.104,41.734,12.356707572937012,13.296603202819824,21.647289074283886,12.427749468438932,-114.41462297571546,6.130230530096198,2.882820931195044,6.912596256122601,40.95000076293945,12.0,1191,1372,1346,90,True,13
26.154,41.864,12.356707572937012,13.335678100585938,22.109622871654757,12.436670549268616,-113.94566901749155,5.999356421635937,2.9639413804199926,7.0225926107242485,41.099998474121094,12.0,1191,1372,1346,90,True,13
26.206,41.95,12.402142524719238,13.361766815185547,22.414529346393294,12.441109318455478,-113.62929465513658,5.915513715139915,3.0042529434579963,7.091181370369516,41.099998474121094,12.0,1191,1372,1346,90,True,13
26.258,42.08,12.402142524719238,13.400581359863281,22.866645180765826,12.445075950815964,-113.1493304319706,5.785858368559679,3.0576152904526017,7.192739026251613,41.23999786376953,12.0,1191,1371,1346,90,True,13
26.309,42.167,12.47900676727295,13.426132202148438,23.16454388141593,12.446897903777064,-112.82478716336827,5.698025977814723,3.1173873430964414,7.260378389602249,41.23999786376953,12.0,1192,1371,1346,90,True,13
26.360,42.296,12.47900676727295,13.464532852172852,23.60600803577783,12.447307715127264,-112.33241931666957,5.562100517576415,3.1768767966633713,7.357511363562646,41.369998931884766,12.0,1191,1371,1346,90,True,13
26.410,42.382,12.597495079040527,13.490266799926758,23.89681700006946,12.445918625404813,-112.00056774565533,5.473763546606524,3.219791088661973,7.42523098163603,41.369998931884766,12.0,1192,1370,1346,90,True,13
26.462,42.51,12.597495079040527,13.528614044189453,24.32749116309003,12.442026271351553,-111.49680031323187,5.336227015497739,3.2906449097907466,7.528189253184803,41.5099983215332,12.0,1192,1370,1346,90,True,13
26.514,42.595,12.673636436462402,13.553887367248535,24.610619579659986,12.43802036540334,-111.15697791145622,5.244632471180576,3.3248626634286294,7.591511083206345,41.5099983215332,12.0,1192,1370,1346,90,True,13
26.564,42.722,12.673636436462402,13.59193229675293,25.02969437392258,12.429771204433257,-110.64178357255133,5.106922624021602,3.4007227997756106,7.687285703295556,41.63999938964844,12.0,1192,1369,1346,90,True,13
26.616,42.807,12.708586692810059,13.61741828918457,25.30538642203368,12.42289661903364,-110.29465969855295,5.015121466482046,3.4374828778886193,7.749962080440532,41.63999938964844,12.0,1192,1369,1346,90,True,13
26.667,42.934,12.708586692810059,13.658975601196289,25.7195810461343,12.409222580315273,-109.76299094336999,4.8877422804427155,3.510472627236903,7.837902473551739,41.77000045776367,12.0,1193,1368,1347,90,True,13
26.717,43.018,12.804443359375,13.68697738647461,25.988540235271063,12.397663338918674,-109.41215827665228,4.796719337581718,3.546959924669934,7.8960538503715805,41.77000045776367,12.0,1193,1368,1347,90,True,13
26.768,43.225,12.866735458374023,13.755996704101562,26.648034273223523,12.363085506245485,-108.52365994866034,4.580014937576961,3.6548863050662446,8.04062846453324,41.90999984741211,12.0,1193,1367,1347,90,True,13
26.818,43.225,12.866735458374023,13.755996704101562,26.648034273223523,12.363085506245485,-108.52365994866034,4.580014937576961,3.6548863050662446,8.04062846453324,41.90999984741211,12.0,1193,1367,1347,90,True,13
26.871,43.429,12.884367942810059,13.82752799987793,27.290613347696446,12.32024058335564,-107.61975954409002,4.377819566916605,3.7582953691002374,8.18425368240027,42.04999923706055,12.0,1193,1366,1347,90,True,13
26.921,43.429,12.884367942810059,13.82752799987793,27.290613347696446,12.32024058335564,-107.61975954409002,4.377819566916605,3.7582953691002374,8.18425368240027,42.04999923706055,12.0,1193,1366,1347,90,True,13
26.972,43.63,12.975650787353516,13.898173332214355,27.91605889263639,12.269856839169394,-106.69817577975854,4.175129861315068,3.859758682994423,8.322946649912902,42.189998626708984,12.0,1194,1364,1347,90,True,13
27.023,43.63,12.975650787353516,13.898173332214355,27.91605889263639,12.269856839169394,-106.69817577975854,4.175129861315068,3.859758682994423,8.322946649912902,42.189998626708984,12.0,1194,1364,1347,90,True,13
27.075,43.831,13.040572166442871,13.969825744628906,28.524171125010135,12.212941726589325,-105.75722842913008,3.9724965047741843,3.9725925543093874,8.466411358334435,42.32999801635742,12.0,1194,1363,1347,90,True,13
27.126,43.831,13.040572166442871,13.969825744628906,28.524171125010135,12.212941726589325,-105.75722842913008,3.9724965047741843,3.9725925543093874,8.466411358334435,42.32999801635742,12.0,1194,1363,1347,90,True,13
27.178,44.029,13.07564640045166,14.040491104125977,29.114985903310824,12.149835901300284,-104.79736145450067,3.7803500499302087,4.0716828043538165,8.59405905618551,42.46999740600586,12.0,1194,1362,1347,90,True,13
27.230,44.029,13.07564640045166,14.040491104125977,29.114985903310824,12.149835901300284,-104.79736145450067,3.7803500499302087,4.0716828043538165,8.59405905618551,42.46999740600586,12.0,1194,1362,1347,90,True,13
27.281,44.223,13.152932167053223,14.111353874206543,29.689035982293714,12.081183962405193,-103.81888221438298,3.5954670743817183,4.191504812963351,8.72104507946074,42.61000061035156,12.0,1194,1361,1347,90,True,13
27.333,44.337,13.152932167053223,14.153528213500977,30.025808704604948,12.03709509131276,-103.22340583197376,3.491519065733529,4.25122499885818,8.794998952699054,42.75,12.0,1194,1360,1347,90,True,13
27.385,44.413,13.22970199584961,14.18143367767334,30.247082928051267,12.006594027800423,-102.82319772774603,3.4204646077978866,4.283401593151287,8.844822621373359,42.73999786376953,12.0,1194,1359,1347,90,True,13
27.435,44.525,13.22970199584961,14.22167682647705,30.57432412137575,11.959364123463432,-102.21820689182299,3.319007056875813,4.351358987185152,8.917173961477657,42.87999725341797,12.0,1194,1358,1347,90,True,13
27.486,44.599,13.257220268249512,14.246780395507812,30.788194419761773,11.928785366549285,-101.80806086235289,3.25680495099133,4.400585441193903,8.962140511878436,42.87999725341797,12.0,1194,1358,1347,90,True,13
27.536,44.709,13.257220268249512,14.284836769104004,31.104541461360082,11.880938183866052,-101.18865149709194,3.1614894476803905,4.453671378970535,9.03080781869916,43.0,12.0,1194,1357,1347,90,True,13
27.587,44.781,13.288740158081055,14.31047534942627,31.312633419708277,11.848159252265516,-100.77284324079992,3.1019178184000085,4.499455844524423,9.075105010561277,43.0,12.0,1195,1356,1348,90,True,13
27.637,44.889,13.288740158081055,14.348024368286133,31.620452970127825,11.79739984767492,-100.14518300702159,3.0093407940594212,4.563931976515697,9.140768741694487,43.119998931884766,12.0,1194,1356,1348,90,True,13
27.688,44.961,13.359893798828125,14.37187671661377,31.821994777061978,11.763569920715845,-99.72146539167068,2.954729589663761,4.602590420331146,9.177371725456585,43.119998931884766,12.0,1195,1355,1348,90,True,13
27.739,45.067,13.359893798828125,14.408339500427246,32.12055942115616,11.711068817886897,-99.08300662881456,2.8694837061801244,4.663940887003493,9.23454553145147,43.23999786376953,12.0,1195,1354,1348,90,True,13
27.790,45.137,13.37594223022461,14.43307876586914,32.31738498246842,11.674850886039257,-98.65534116412339,2.81748312815129,4.706413991470394,9.27297217572196,43.22999954223633,12.0,1195,1353,1348,90,True,13
27.841,45.241,13.37594223022461,14.469686508178711,32.60910919210883,11.618909929189561,-98.01094696687854,2.734318317930392,4.774277470403171,9.329363071283233,43.349998474121094,12.0,1195,1352,1348,90,True,13
27.891,45.31,13.417445182800293,14.493247985839844,32.80023154546413,11.581376332153049,-97.5769840677726,2.6800353895017155,4.822124653086403,9.37042360725241,43.34000015258789,12.0,1195,1352,1348,90,True,13
27.941,45.412,13.417445182800293,14.52942180633545,33.083561452614596,11.523083228907929,-96.92366964347171,2.6017133968457675,4.889998377302936,9.42323889878318,43.459999084472656,12.0,1195,1351,1348,90,True,13
27.992,45.479,13.52335262298584,14.554031372070312,33.27027150376607,11.482823532618934,-96.48651704602338,2.547421290350394,4.925774054401816,9.461378675108532,43.45000076293945,12.0,1195,1350,1348,90,True,13
28.043,45.578,13.52335262298584,14.590651512145996,33.547351787825974,11.420489518706106,-95.82827122514175,2.4752445469567537,4.97969882478589,9.516697230970111,43.56999969482422,12.0,1195,1349,1348,90,True,13
28.093,45.644,13.618816375732422,14.614398002624512,33.728911876343254,11.378477878895003,-95.38580474051915,2.426306454997024,5.025604099310723,9.551052228721629,43.55999755859375,12.0,1195,1348,1348,90,True,13
28.144,45.741,13.618816375732422,14.650893211364746,33.99861214100496,11.313895878971595,-94.71962223982196,2.3599972709872477,5.094012285829809,9.59953974163955,43.66999816894531,12.0,1195,1348,1348,90,True,13
28.196,45.805,13.64122486114502,14.675725936889648,34.17650783303253,11.269357069167587,-94.27408217007286,2.3163194919054857,5.128185002907852,9.634930366823971,43.66999816894531,12.0,1195,1347,1348,90,True,13
28.246,45.9,13.64122486114502,14.71284294128418,34.44078834258783,11.201167875588764,-93.60310487657831,2.255785659725778,5.202427024751775,9.68284414385161,43.779998779296875,12.0,1195,1346,1348,90,True,13
28.296,45.962,13.674548149108887,14.73702621459961,34.614056581452715,11.155275834555448,-93.15234654230332,2.213468368949318,5.235379699289324,9.71449524046545,43.779998779296875,12.0,1196,1345,1348,90,True,13
28.347,46.054,13.674548149108887,14.774178504943848,34.87066678857009,11.08480791911478,-92.47409509734271,2.1373040757408592,5.303379782005502,9.75762105488491,43.88999938964844,12.0,1196,1344,1348,90,True,13
28.398,46.114,13.711731910705566,14.799419403076172,35.03975836675752,11.037157958143833,-92.0201538949145,2.0968191966526666,5.350113216967198,9.784120481317267,43.88999938964844,12.0,1196,1343,1348,90,True,13
28.449,46.202,13.711731910705566,14.837214469909668,35.290624384782916,10.963928938731188,-91.33697105337315,2.0329720823952684,5.408316247092639,9.829768343087755,44.0,12.0,1196,1342,1348,90,True,13
28.500,46.26,13.759808540344238,14.861913681030273,35.45514998151018,10.914995755969924,-90.87837849212015,1.9997276307141123,5.455361736322041,9.854602057136274,43.98999786376953,12.0,1196,1341,1348,90,True,13
28.551,46.346,13.759808540344238,14.89974308013916,35.699441942459444,10.840576576094405,-90.18814006516617,1.9452483343467981,5.519577467351208,9.890321385174502,44.11000061035156,12.0,1196,1340,1348,90,True,13
28.602,46.402,13.848867416381836,14.925436019897461,35.860781255938896,10.790184294171697,-89.72629633386825,1.909888445013642,5.569302952056193,9.918821203260027,44.099998474121094,12.0,1196,1340,1348,90,True,13
28.654,46.486,13.848867416381836,14.966645240783691,36.101401990209276,10.712703482000718,-89.03204858587146,1.8640920266287067,5.631678800877689,9.954428686950596,44.21999740600586,12.0,1196,1339,1348,90,True,13
28.705,46.542,13.945618629455566,14.995523452758789,36.264947454790644,10.658273704504886,-88.55948145757662,1.8391355826185378,5.6644086404935665,9.97854864623085,44.209999084472656,12.0,1196,1338,1348,90,True,13
28.757,46.622,13.945618629455566,15.03800106048584,36.503423509661644,10.577261684533012,-87.86238552069595,1.7950099992593167,5.739599631745298,10.016760993316133,44.34000015258789,12.0,1196,1337,1348,90,True,13
28.807,46.674,13.96828556060791,15.06637954711914,36.66120429458352,10.52244002493355,-87.3961977890859,1.7717088089058182,5.775980207472548,10.035726721093965,44.32999801635742,12.0,1197,1336,1349,90,True,13
28.858,46.751,13.96828556060791,15.110749244689941,36.89640868884208,10.43939516990995,-86.69467588962307,1.734917781498133,5.854693868788714,10.069678737684452,44.459999084472656,12.0,1197,1335,1349,90,True,13
28.909,46.801,13.999970436096191,15.140782356262207,37.05252290760647,10.383041840389113,-86.22613174274936,1.7030143947718264,5.8914445553916135,10.08361659245951,44.459999084472656,12.0,1197,1334,1349,90,True,13
28.961,46.874,13.999970436096191,15.185613632202148,37.28405949028074,10.298279192789256,-85.52040927694696,1.6667163149231456,5.964093008724808,10.109647297160075,44.59000015258789,12.0,1197,1333,1349,90,True,13
29.012,46.922,14.06696605682373,15.21538257598877,37.43675861446013,10.241487023614246,-85.04810852602975,1.6421734175228802,6.002419334591865,10.124152911409888,44.57999801635742,12.0,1197,1332,1349,90,True,13
29.064,46.993,14.06696605682373,15.260885238647461,37.663691649633805,10.155770710851524,-84.33650526735197,1.6107558280012908,6.074203768995053,10.158078461017343,44.71999740600586,12.0,1197,1331,1349,90,True,13
29.115,47.039,14.134654998779297,15.291343688964844,37.81393873590116,10.098152942560588,-83.86037961049955,1.5911802923966227,6.109517554551311,10.171937768616944,44.709999084472656,12.0,1197,1330,1349,90,True,13
29.167,47.108,14.134654998779297,15.336760520935059,38.03676341228907,10.011412101422366,-83.14289555894639,1.5599656875594297,6.175998347063984,10.198536232792266,44.849998474121094,12.0,1197,1329,1349,90,True,13
29.219,47.152,14.239091873168945,15.366937637329102,38.18377981907901,9.953226573656673,-82.66276741124035,1.5476608883262402,6.209770644301935,10.215989073668942,44.84000015258789,12.0,1197,1328,1349,90,True,13
29.269,47.217,14.239091873168945,15.412599563598633,38.40259175932954,9.865468888105765,-81.93919083094754,1.5251089910690332,6.27654812315668,10.247184255155682,44.97999954223633,12.0,1197,1327,1349,90,True,13
29.319,47.26,14.276167869567871,15.443086624145508,38.547422505585075,9.80658924236567,-81.454985060307,1.5089211225709858,6.307307880083833,10.256748227540992,44.96999740600586,12.0,1198,1326,1349,90,True,13
29.370,47.363,14.349478721618652,15.519041061401367,38.90430330481282,9.659006783648266,-80.23759263321143,1.4638205297077453,6.424045631396282,10.297128305914109,45.099998474121094,12.0,1198,1324,1349,90,True,13
29.422,47.363,14.349478721618652,15.519041061401367,38.90430330481282,9.659006783648266,-80.23759263321143,1.4638205297077453,6.424045631396282,10.297128305914109,45.099998474121094,12.0,1198,1324,1349,90,True,13
29.473,47.462,14.424692153930664,15.589515686035156,39.24987672586962,9.51172997589622,-79.00712722404447,1.4143353822841798,6.52634094770874,10.3334025868224,45.22999954223633,12.0,1198,1322,1349,90,True,13
29.524,47.462,14.424692153930664,15.589515686035156,39.24987672586962,9.51172997589622,-79.00712722404447,1.4143353822841798,6.52634094770874,10.3334025868224,45.22999954223633,12.0,1198,1322,1349,90,True,13
29.574,47.555,14.50108528137207,15.658295631408691,39.58388663666158,9.365913121079263,-77.76225694591794,1.383321414253856,6.62290744285485,10.365386655158277,45.349998474121094,12.0,1198,1319,1349,90,True,13
29.624,47.555,14.50108528137207,15.658295631408691,39.58388663666158,9.365913121079263,-77.76225694591794,1.383321414253856,6.62290744285485,10.365386655158277,45.349998474121094,12.0,1198,1319,1349,90,True,13
29.676,47.643,14.53321647644043,15.724495887756348,39.911004886581004,9.220616214412875,-76.50667693117283,1.359925668469035,6.725545549286278,10.396144704538138,45.459999084472656,12.0,1199,1317,1350,90,True,13
29.726,47.643,14.53321647644043,15.724495887756348,39.911004886581004,9.220616214412875,-76.50667693117283,1.359925668469035,6.725545549286278,10.396144704538138,45.459999084472656,12.0,1199,1317,1350,90,True,13
29.778,47.726,14.628019332885742,15.790703773498535,40.232085249274135,9.075767538910767,-75.24179419877818,1.3389650985667352,6.826405672099387,10.415006271931126,45.56999969482422,12.0,1199,1315,1350,90,True,13
29.830,47.774,14.628019332885742,15.830358505249023,40.423952093248964,8.98807559393062,-74.48134142715647,1.3222519458328315,6.886402480655602,10.426672235033509,45.68000030517578,12.0,1199,1314,1350,90,True,13
29.880,47.805,14.708829879760742,15.855663299560547,40.54951829095047,8.930182056751946,-73.9710170131298,1.3159667844142446,6.929063415324679,10.435116056394937,45.68000030517578,12.0,1199,1313,1350,90,True,13
29.932,47.849,14.708829879760742,15.894725799560547,40.738345700744645,8.84288626274366,-73.20460148636266,1.3172794613953565,6.99970251238142,10.452219703850295,45.78999710083008,12.0,1199,1312,1350,90,True,13
29.984,47.877,14.74433422088623,15.921343803405762,40.86436269093138,8.784353249103942,-72.69312960055542,1.311877848978934,7.03693942307586,10.458820227909467,45.779998779296875,12.0,1199,1311,1350,90,True,13
30.034,47.918,14.74433422088623,15.960993766784668,41.05371602529165,8.695888638973937,-71.92526607368426,1.3112185222806163,7.104851140219651,10.472034082632502,45.89999771118164,12.0,1200,1310,1350,90,True,13
30.085,47.944,14.817336082458496,15.986649513244629,41.178008392712954,8.637355625334221,-71.41020150837359,1.2974659363867955,7.147872794254268,10.479821352059963,45.88999938964844,12.0,1200,1309,1350,90,True,13
30.136,47.984,14.817336082458496,16.026168823242188,41.36402517966366,8.54893541143382,-70.63704458489566,1.2844874030250077,7.204895909200589,10.487812673388879,46.0,12.0,1200,1308,1350,90,True,13
30.187,48.008,14.896733283996582,16.05307960510254,41.487914565923944,8.489721086424396,-70.12101696291202,1.2779566749614177,7.253987893860056,10.49874268360819,46.0,12.0,1200,1307,1350,90,True,13
30.238,48.043,14.896733283996582,16.093351364135742,41.67380499437501,8.400599924360423,-69.3457836619264,1.2741257926106868,7.3225228657656105,10.508216155986998,46.11000061035156,12.0,1200,1306,1350,90,True,13
30.290,48.066,14.923842430114746,16.119644165039062,41.79622588996373,8.341183254996835,-68.82654585103288,1.2762063322648962,7.353723169894228,10.513034854446442,46.11000061035156,12.0,1201,1305,1351,90,True,13
30.341,48.099,14.923842430114746,16.159988403320312,41.97987943146162,8.252150885392073,-68.04703002143765,1.2729935820340514,7.422661976734459,10.514533227195614,46.21999740600586,12.0,1201,1303,1351,90,True,13
30.392,48.12,15.021833419799805,16.187368392944336,42.10216372326694,8.193029621710089,-67.52663107838521,1.2682570592880593,7.473114876586052,10.514077312068515,46.209999084472656,12.0,1201,1303,1351,90,True,13
30.443,48.149,15.021833419799805,16.22843360900879,42.2854142836038,8.103636105852962,-66.7451549844982,1.2649427099933106,7.528506003207562,10.52357895897765,46.32999801635742,12.0,1201,1301,1351,90,True,13
30.493,48.168,15.066164016723633,16.255407333374023,42.406417914939745,8.044422634617183,-66.22181906010266,1.2711857163381137,7.57309689320399,10.52683354411716,46.31999969482422,12.0,1201,1300,1351,90,True,13
30.544,48.194,15.066164016723633,16.29659080505371,42.588230720456316,7.955601147103044,-65.43525447528398,1.276401312821359,7.647207007019568,10.534225516346407,46.439998626708984,12.0,1202,1299,1351,90,True,13
30.596,48.21,15.111917495727539,16.324447631835938,42.709282163116455,7.896272416425021,-64.90999926773166,1.2707367381218913,7.682478103893513,10.542385031083633,46.43000030517578,12.0,1202,1298,1351,90,True,13
30.648,48.234,15.111917495727539,16.366249084472656,42.89032315725681,7.8070095279357705,-64.1210441167035,1.268749473238535,7.745792249952239,10.547539262586055,46.54999923706055,12.0,1202,1297,1351,90,True,13
30.699,48.249,15.16291618347168,16.393739700317383,43.00952020355729,7.7479352218043305,-63.59272898440301,1.2619400948011494,7.798851720745837,10.547487182393633,46.53999710083008,12.0,1202,1296,1351,90,True,13
30.751,48.27,15.16291618347168,16.435617446899414,43.188358461690314,7.659348522042912,-62.79868534244318,1.265893173505,7.866199947283102,10.5527788714531,46.65999984741211,12.0,1202,1294,1352,90,True,13
30.801,48.283,15.273591041564941,16.464542388916016,43.310188545915835,7.5992778620662955,-62.25739285071967,1.2727733084333186,7.91243520532221,10.553749612088888,46.64999771118164,12.0,1203,1293,1352,90,True,13
30.853,48.3,15.273591041564941,16.510746002197266,43.49088120040852,7.511071091577458,-61.462727661545365,1.2737315626295302,7.971008346323301,10.548246187165152,46.77000045776367,12.0,1203,1292,1352,90,True,13
30.904,48.311,15.317425727844238,16.542537689208984,43.61407049227887,7.451709063727232,-60.93497943494599,1.275416378198702,8.020166925327175,10.54987945615043,46.77000045776367,12.0,1203,1291,1352,90,True,13
30.956,48.326,15.317425727844238,16.58998680114746,43.799086656516174,7.362635712987449,-60.14181688738908,1.283531603428029,8.08726243486515,10.554322494205524,46.89999771118164,12.0,1203,1290,1352,90,True,13
31.006,48.335,15.430927276611328,16.621423721313477,43.922422797453684,7.303423949298962,-59.611828358741946,1.2913693522223246,8.139007948017166,10.556742088719,46.88999938964844,12.0,1204,1289,1352,90,True,13
31.057,48.347,15.430927276611328,16.6708984375,44.10793415040581,7.21416362213065,-58.81664407519072,1.2876394286052628,8.194341018030732,10.55579013110343,47.02000045776367,12.0,1204,1288,1352,90,True,13
31.108,48.354,15.479717254638672,16.704326629638672,44.23280366881199,7.154386660288345,-58.28678532013781,1.2897867760472914,8.241317351594786,10.557012734964863,47.02000045776367,12.0,1204,1287,1352,90,True,13
31.160,48.363,15.479717254638672,16.75380516052246,44.41878630481685,7.0650998661369995,-57.4891831496204,1.2960344781471491,8.311565847208367,10.560940093737619,47.15999984741211,12.0,1204,1286,1352,90,True,13
31.211,48.368,15.536140441894531,16.786510467529297,44.5418833891334,7.005472741569611,-56.95568048864529,1.3026899638847975,8.348541930053878,10.560595169184534,47.14999771118164,12.0,1205,1285,1353,90,True,13
31.263,48.374,15.536140441894531,16.836830139160156,44.72586819480604,6.916819020576962,-56.1536557706403,1.305822352671189,8.419265123814775,10.548463899444945,47.28999710083008,12.0,1205,1283,1353,90,True,13
31.314,48.376,15.626964569091797,16.87045669555664,44.84870231683954,6.858012799370444,-55.61784792082031,1.3115953566237306,8.466849344214962,10.548860050416806,47.279998779296875,12.0,1205,1282,1353,90,True,13
31.364,48.379,15.626964569091797,16.920249938964844,45.03142012242114,6.7704997199691865,-54.810676655275714,1.3252818817816725,8.539484137169815,10.549955442004947,47.41999816894531,12.0,1206,1281,1353,90,True,13
31.416,48.38,15.662480354309082,16.953060150146484,45.152188112230725,6.712409387965051,-54.27023793719845,1.329694610872324,8.585843192387632,10.552743012959958,47.41999816894531,12.0,1206,1280,1353,90,True,13
31.470,48.379,15.719391822814941,17.036375045776367,45.45203683188887,6.5680516323095395,-52.91369748123681,1.3350181030001143,8.690593534819886,10.55551009334746,47.54999923706055,12.0,1207,1278,1354,90,True,13
31.520,48.379,15.719391822814941,17.036375045776367,45.45203683188887,6.5680516323095395,-52.91369748123681,1.3350181030001143,8.690593534819886,10.55551009334746,47.54999923706055,12.0,1207,1278,1354,90,True,13
31.573,48.371,15.816740036010742,17.118305206298828,45.74825530600315,6.425579862638597,-51.548653439758496,1.3457964616755116,8.808180364023533,10.538553294959257,47.68000030517578,12.0,1207,1275,1354,90,True,13
31.623,48.371,15.816740036010742,17.118305206298828,45.74825530600315,6.425579862638597,-51.548653439758496,1.3457964616755116,8.808180364023533,10.538553294959257,47.68000030517578,12.0,1207,1275,1354,90,True,13
31.674,48.359,15.910332679748535,17.1932430267334,46.03611021347875,6.286337064897778,-50.168227812269315,1.3670013175623452,8.93282790128168,10.536856846724154,47.80999755859375,12.0,1208,1273,1354,90,True,13
31.726,48.359,15.910332679748535,17.1932430267334,46.03611021347875,6.286337064897778,-50.168227812269315,1.3670013175623452,8.93282790128168,10.536856846724154,47.80999755859375,12.0,1208,1273,1354,90,True,13
31.777,48.342,15.948261260986328,17.265222549438477,46.313310025849134,6.149929649436161,-48.77040910805869,1.3727179724542342,9.033247903780147,10.533997558782858,47.93000030517578,12.0,1208,1271,1354,90,True,13
31.827,48.342,15.948261260986328,17.265222549438477,46.313310025849134,6.149929649436161,-48.77040910805869,1.3727179724542342,9.033247903780147,10.533997558782858,47.93000030517578,12.0,1208,1271,1354,90,True,13
31.878,48.321,16.064556121826172,17.333829879760742,46.58529498878821,6.0157002105461315,-47.36135132756882,1.3928813312143467,9.154989195546454,10.526725968637733,48.03999710083008,12.0,1209,1269,1355,90,True,13
31.930,48.307,16.064556121826172,17.374296188354492,46.74604007580988,5.936269806253938,-46.51098594571306,1.4013186425517221,9.21208957700776,10.518849906751063,48.14999771118164,12.0,1209,1267,1355,90,True,13
31.982,48.297,16.169260025024414,17.401609420776367,46.853714592980545,5.883718757666683,-45.94339039549583,1.4056439665653384,9.26031327386899,10.517961128385314,48.13999938964844,12.0,1209,1266,1355,90,True,13
32.034,48.281,16.169260025024414,17.441904067993164,47.01626626503768,5.805169447777421,-45.091307221063815,1.418563589545535,9.31998436777916,10.51629456222783,48.25,12.0,1210,1265,1355,90,True,13
32.085,48.269,16.20185661315918,17.467653274536133,47.12257474437434,5.753176340267991,-44.51996531208683,1.4199422205408196,9.364490734184608,10.512268165712108,48.25,12.0,1210,1264,1355,90,True,13
32.137,48.25,16.20185661315918,17.5070743560791,47.28318664270719,5.675595636580401,-43.66243506179173,1.4279557399845373,9.437965640407374,10.511399024140225,48.349998474121094,12.0,1210,1263,1356,90,True,13
32.188,48.236,16.249622344970703,17.53382682800293,47.39111046178256,5.624075946557818,-43.09059796409992,1.4372179033858976,9.474585699642398,10.505245023698043,48.349998474121094,12.0,1211,1262,1356,90,True,13
32.238,48.214,16.249622344970703,17.573484420776367,47.553791907433926,5.547293521229474,-42.23284231756221,1.4447908756281493,9.54627792649179,10.493035206782999,48.45000076293945,12.0,1211,1261,1356,90,True,13
32.290,48.198,16.352371215820312,17.599048614501953,47.66088585852514,5.496553326545918,-41.65800676682477,1.4506671861918874,9.593795552547569,10.49207129633638,48.45000076293945,12.0,1212,1260,1356,90,True,13
32.340,48.172,16.352371215820312,17.638185501098633,47.8223378701259,5.4208462291250274,-40.79514213878789,1.451664073645592,9.662735213161447,10.48293762586878,48.54999923706055,12.0,1212,1259,1356,90,True,13
32.392,48.154,16.451744079589844,17.66470718383789,47.93028900995795,5.370262701905559,-40.219644059700954,1.4535805820380152,9.699392838436905,10.486016333637165,48.54999923706055,12.0,1212,1258,1356,90,True,13
32.442,48.127,16.451744079589844,17.704225540161133,48.09294654994722,5.294567984202539,-39.35545437496509,1.46505850149481,9.768814881160914,10.48392885707208,48.64999771118164,12.0,1213,1256,1357,90,True,13
32.492,48.108,16.50209617614746,17.730012893676758,48.20028638784856,5.244563315515229,-38.77690320131916,1.4692083750241216,9.816341898726803,10.469947459841064,48.64999771118164,12.0,1213,1255,1357,90,True,13
32.544,48.077,16.50209617614746,17.769365310668945,48.36181694662478,5.170133890355954,-37.90838317664951,1.4800772337060217,9.877274016312485,10.460447520479223,48.75,12.0,1213,1254,1357,90,True,13
32.596,48.055,16.565841674804688,17.79591178894043,48.470048124212795,5.120505735846642,-37.32892358784397,1.4886521093221496,9.924121430055957,10.460259690277047,48.75,12.0,1214,1253,1357,90,True,13
32.647,48.022,16.565841674804688,17.835556030273438,48.63248709814862,5.04660266214028,-36.458330600761215,1.4890915893065577,9.998373270296812,10.454493303070263,48.849998474121094,12.0,1214,1252,1357,90,True,13
32.697,48.0,16.605066299438477,17.861469268798828,48.73953323791565,4.99737492747106,-35.87559252115407,1.4905529296238231,10.03216136234722,10.454171430405626,48.849998474121094,12.0,1215,1251,1358,90,True,13
32.748,47.965,16.605066299438477,17.900917053222656,48.90040468343696,4.924054981165089,-35.00077164697508,1.498055038653436,10.105062532679703,10.43551647623503,48.95000076293945,12.0,1215,1250,1358,90,True,13
32.799,47.941,16.704486846923828,17.927446365356445,49.00781282323,4.875663944669195,-34.41680413331733,1.503780551446905,10.147975757461248,10.428650428571874,48.95000076293945,12.0,1215,1249,1358,90,True,13
32.850,47.902,16.704486846923828,17.972166061401367,49.17429526915447,4.802214224768993,-33.529815277131966,1.5206612572588856,10.22554877718602,10.424898947170245,49.04999923706055,12.0,1216,1248,1358,90,True,13
32.901,47.876,16.742101669311523,18.002653121948242,49.28715731499976,4.753350197673075,-32.94981268828741,1.5186621462661876,10.256964232273495,10.422815739473391,49.04999923706055,12.0,1216,1247,1358,90,True,13
32.952,47.835,16.742101669311523,18.0478458404541,49.45649819509189,4.680371333938782,-32.078222493585834,1.5261997936238254,10.330304242260153,10.419578229806804,49.16999816894531,12.0,1217,1245,1359,90,True,13
33.003,47.807,16.830530166625977,18.07766342163086,49.56944903339639,4.632130134717805,-31.49614011213901,1.5282967684207251,10.378159108906202,10.404649997602096,49.15999984741211,12.0,1217,1244,1359,90,True,13
33.054,47.762,16.830530166625977,18.12493896484375,49.74006032867414,4.560163846527965,-30.623050690914617,1.5350231173710125,10.452369968012036,10.391968043860674,49.279998779296875,12.0,1217,1243,1359,90,True,13
33.105,47.731,16.89095115661621,18.156787872314453,49.85566811056577,4.512157008172885,-30.041579611398507,1.5452988168121793,10.500930905463534,10.39178448252673,49.279998779296875,12.0,1218,1242,1359,90,True,13
33.156,47.683,16.89095115661621,18.20374298095703,50.02730734931361,4.4405053355716895,-29.16608254849169,1.5452332896848295,10.574107844683757,10.384346406520587,49.39999771118164,12.0,1218,1241,1359,90,True,13
33.207,47.651,16.9346981048584,18.234546661376953,50.14066458387372,4.392647053831056,-28.580530430946496,1.547046704909468,10.602639252394194,10.37783809001521,49.39999771118164,12.0,1219,1240,1360,90,True,13
33.258,47.601,16.9346981048584,18.282175064086914,50.30988935074996,4.3214167185242855,-27.700214669580234,1.5516511061837028,10.673689441461605,10.364150390918505,49.5099983215332,12.0,1219,1238,1360,90,True,13
33.309,47.566,17.01844596862793,18.31397247314453,50.42305192491873,4.274306769384592,-27.112422249987276,1.5587612263879802,10.725881478230612,10.355546060111582,49.5099983215332,12.0,1220,1237,1360,90,True,13
33.360,47.513,17.01844596862793,18.360702514648438,50.59043595581365,4.2040672383942965,-26.226263261786066,1.5551157196401917,10.797849473967743,10.35168358813594,49.62999725341797,12.0,1220,1236,1360,90,True,13
33.411,47.477,17.09134864807129,18.391324996948242,50.70057275618011,4.157352159565995,-25.63310231350548,1.5582570730498688,10.834204863372427,10.348773927549514,49.62999725341797,12.0,1221,1235,1361,90,True,13
33.462,47.422,17.09134864807129,18.438026428222656,50.86452120192251,4.088152951763656,-24.74049733427507,1.5581667864867776,10.922436393297007,10.333596393440098,49.75,12.0,1221,1234,1361,90,True,13
33.514,47.385,17.162696838378906,18.46904182434082,50.97379398335895,4.042351410736844,-24.144443800880982,1.564830169630654,10.949704216010991,10.320872604790011,49.75,12.0,1221,1233,1361,90,True,13
33.565,47.328,17.162696838378906,18.514732360839844,51.13614416483557,3.974111417626069,-23.246553962780276,1.5733962940669077,11.022160570273778,10.319980411329679,49.86000061035156,12.0,1222,1231,1361,90,True,13
33.615,47.288,17.2375431060791,18.54463005065918,51.24332349329141,3.9288925771128227,-22.645492193177276,1.5765598455913872,11.067183469735209,10.318966128237932,49.86000061035156,12.0,1222,1230,1361,90,True,13
33.666,47.228,17.2375431060791,18.586721420288086,51.40253178774983,3.8615930156733946,-21.740620194197525,1.5797468758911386,11.127545266525198,10.308723405803851,49.96999740600586,12.0,1223,1229,1362,90,True,13
33.719,47.187,17.301015853881836,18.61197280883789,51.50256332323925,3.8173649794766233,-21.128843565334066,1.578929280903147,11.175174736928636,10.301421933581107,49.96999740600586,12.0,1223,1228,1362,90,True,13
33.771,47.08,17.342208862304688,18.67555046081543,51.74979909572078,3.7088768160210797,-19.592214926621278,1.5851847736875266,11.282031338946192,10.284424154057884,50.06999969482422,12.0,1224,1226,1362,90,True,13
33.823,47.08,17.342208862304688,18.67555046081543,51.74979909572078,3.7088768160210797,-19.592214926621278,1.5851847736875266,11.282031338946192,10.284424154057884,50.06999969482422,12.0,1224,1226,1362,90,True,13
33.873,46.971,17.395524978637695,18.73484230041504,51.99021150922148,3.602237926283317,-18.042825786991614,1.590596524665998,11.399968215344803,10.275596134555643,50.15999984741211,12.0,1225,1224,1363,90,True,13
33.924,46.971,17.395524978637695,18.73484230041504,51.99021150922148,3.602237926283317,-18.042825786991614,1.590596524665998,11.399968215344803,10.275596134555643,50.15999984741211,12.0,1225,1224,1363,90,True,13
33.975,46.859,17.451549530029297,18.7927303314209,52.22569252614142,3.4986088020920025,-16.482942061702225,1.5910060158510815,11.50072033579166,10.253112859355253,50.25,12.0,1226,1222,1363,90,True,13
34.027,46.859,17.451549530029297,18.7927303314209,52.22569252614142,3.4986088020920025,-16.482942061702225,1.5910060158510815,11.50072033579166,10.253112859355253,50.25,12.0,1226,1222,1363,90,True,13
34.079,46.743,17.555315017700195,18.848268508911133,52.46046661848227,3.396659477549688,-14.917529298279709,1.595251191863656,11.618086037620929,10.244076519083327,50.32999801635742,12.0,1227,1219,1364,90,True,13
34.130,46.671,17.555315017700195,18.88111114501953,52.600512817224214,3.336971308166593,-13.974486787123341,1.5973277828147514,11.692529123158543,10.22348776760397,50.41999816894531,12.0,1227,1218,1364,90,True,13
34.181,46.622,17.645910263061523,18.903425216674805,52.69470454097328,3.2972862015415263,-13.345849836293707,1.6037216936515297,11.725333667968469,10.221828885409302,50.40999984741211,12.0,1228,1217,1364,90,True,13
34.233,46.548,17.645910263061523,18.93636703491211,52.83648219266981,3.237901762133085,-12.402642546823612,1.5960532054826038,11.795645342831872,10.214670847159129,50.48999786376953,12.0,1228,1216,1364,90,True,13
34.285,46.499,17.68980598449707,18.957475662231445,52.92948887859788,3.1985769479867368,-11.770818458972522,1.5968603417434288,11.84177131784426,10.21157506391782,50.48999786376953,12.0,1229,1215,1365,90,True,13
34.337,46.423,17.68980598449707,18.98981475830078,53.06944286978602,3.1402281360111988,-10.823004206907253,1.5933852695597732,11.910039058598539,10.194519227786653,50.54999923706055,12.0,1229,1214,1365,90,True,13
34.388,46.371,17.7514591217041,19.01170539855957,53.16328283879283,3.101489864359825,-10.191096449238831,1.5954115945874456,11.945698622481528,10.184275651578925,50.54999923706055,12.0,1230,1213,1365,90,True,13
34.438,46.291,17.7514591217041,19.044296264648438,53.30435698100486,3.043540618450733,-9.242288404649326,1.5878232544195614,12.015987245456483,10.18025010883685,50.61000061035156,12.0,1230,1212,1365,90,True,13
34.490,46.238,17.830551147460938,19.06541633605957,53.39681383670474,3.0048484505762567,-8.607652840181128,1.5876253923770427,12.045278511712082,10.174326627279157,50.61000061035156,12.0,1231,1211,1366,90,True,13
34.542,46.157,17.830551147460938,19.097654342651367,53.535855997638684,2.947415737723147,-7.654890969835832,1.5842557612386992,12.113864710036413,10.157863310058486,50.64999771118164,12.0,1231,1209,1366,90,True,13
34.593,46.101,17.88411521911621,19.119394302368164,53.62859630618912,2.9095442597661303,-7.018984136408366,1.5819858972784335,12.16135074646728,10.148675851851173,50.64999771118164,12.0,1232,1208,1366,90,True,13
34.644,46.018,17.88411521911621,19.151777267456055,53.76721158029994,2.8529503795204625,-6.063636185688574,1.5711685851804258,12.220874991310295,10.143671030736847,50.66999816894531,12.0,1233,1207,1367,90,True,13
34.696,45.961,17.926780700683594,19.172901153564453,53.85823409627412,2.8152912777579506,-5.4248824440376815,1.5681810177487798,12.264391834059738,10.133430869623705,50.66999816894531,12.0,1233,1206,1367,90,True,13
34.747,45.875,17.926780700683594,19.204952239990234,53.99449295512129,2.7598186157532227,-4.465398813775447,1.5642245239503443,12.338485726176037,10.117928047755068,50.689998626708984,12.0,1234,1205,1367,90,True,13
34.799,45.815,17.981983184814453,19.226537704467773,54.08526616919075,2.722878604844267,-3.8249370979452286,1.5613735603020986,12.367636119780006,10.111067976507437,50.689998626708984,12.0,1234,1204,1367,90,True,13
34.849,45.725,17.981983184814453,19.25879669189453,54.2205517260812,2.667860363862756,-2.8627288625343934,1.5447233733746057,12.439559719287532,10.09828271615482,50.689998626708984,12.0,1235,1203,1368,90,True,13
34.901,45.664,18.078210830688477,19.279991149902344,54.30959690229065,2.6316159650320836,-2.2193982538093584,1.5410744515322323,12.485077807463789,10.08843358337166,50.689998626708984,12.0,1236,1202,1368,90,True,13
34.953,45.57,18.078210830688477,19.312400817871094,54.44409698742655,2.577151396260167,-1.2393266191197065,1.5233728423593806,12.552091354731722,10.078553714737238,50.68000030517578,12.0,1236,1201,1368,90,True,13
35.004,45.508,18.152664184570312,19.333818435668945,54.53196737109876,2.5412935434478348,-0.5940484459858659,1.5189505083152088,12.584580003292535,10.071602289709457,50.68000030517578,12.0,1237,1200,1369,90,True,13
35.054,45.412,18.152664184570312,19.370798110961914,54.66549415427792,2.4881405844399724,0.37178854086495033,1.5045641022107523,12.655859003697142,10.050260509874105,50.65999984741211,12.0,1238,1199,1369,90,True,13
35.105,45.347,18.22736358642578,19.396480560302734,54.757162123128666,2.452205678556066,1.0115823922603882,1.4868445637913292,12.685634359610166,10.044149198114237,50.65999984741211,12.0,1238,1198,1369,90,True,13
35.158,45.247,18.22736358642578,19.434247970581055,54.89381371785311,2.3989146216609223,1.9731059012069299,1.4762226591366074,12.756236317513295,10.028023975257483,50.63999938964844,12.0,1239,1196,1370,90,True,13
35.209,45.18,18.294200897216797,19.45888328552246,54.984020026221465,2.363877672209461,2.6153833801393134,1.4633202183510419,12.803550745441266,10.017469625442521,50.62999725341797,12.0,1240,1195,1370,90,True,13
35.260,45.079,18.294200897216797,19.498865127563477,55.11950365859784,2.31129439366706,3.578370897445765,1.4452141339132785,12.85890942866422,10.002521756443949,50.599998474121094,12.0,1241,1194,1371,90,True,13
35.313,45.01,18.329513549804688,19.525949478149414,55.210573985896204,2.276211980768936,4.218735496523722,1.4282729168941197,12.901244648687252,9.989046646985159,50.599998474121094,12.0,1241,1193,1371,90,True,13
35.364,44.906,18.329513549804688,19.565343856811523,55.34466767477648,2.2239823779594947,5.182993429015796,1.4106142098469923,12.957211218746336,9.979119820800191,50.54999923706055,12.0,1242,1192,1372,90,True,13
35.414,44.835,18.39975929260254,19.590946197509766,55.43215898294976,2.1894950452928077,5.828024114513929,1.402238263490441,12.998398113215158,9.963383064952483,50.54999923706055,12.0,1243,1191,1372,90,True,13
35.465,44.728,18.39975929260254,19.631059646606445,55.56168327527529,2.1384899673355027,6.798051422420548,1.381642575100208,13.068866882429473,9.946519327891721,50.48999786376953,12.0,1244,1190,1372,90,True,13
35.517,44.655,18.469697952270508,19.65781021118164,55.64729628142682,2.104413940122898,7.445231483073121,1.3608001461262083,13.100463337529952,9.945078157976848,50.48999786376953,12.0,1245,1189,1373,90,True,13
35.567,44.545,18.469697952270508,19.696720123291016,55.77202236586042,2.0544521735613124,8.420107798403626,1.3362016467172304,13.17029092273593,9.919289071218174,50.40999984741211,12.0,1246,1188,1373,90,True,13
35.618,44.471,18.4926700592041,19.721858978271484,55.852919126390056,2.0216815662538257,9.072929595310628,1.318028647769942,13.213052175808443,9.915289141685484,50.40999984741211,12.0,1246,1187,1373,90,True,13
35.669,44.284,18.524194717407227,19.7862491607666,56.049929102809905,1.9416326029549225,10.710575878074259,1.272770640390674,13.308036201501224,9.886525507543269,50.31999969482422,12.0,1248,1185,1374,90,True,13
35.721,44.284,18.524194717407227,19.7862491607666,56.049929102809905,1.9416326029549225,10.710575878074259,1.272770640390674,13.308036201501224,9.886525507543269,50.31999969482422,12.0,1248,1185,1374,90,True,13
35.773,44.094,18.574316024780273,19.847768783569336,56.237086531352006,1.8647571162991365,12.358561359693997,1.2177356441013558,13.419124105709605,9.857939458319471,50.209999084472656,12.0,1250,1182,1375,90,True,13
35.825,44.094,18.574316024780273,19.847768783569336,56.237086531352006,1.8647571162991365,12.358561359693997,1.2177356441013558,13.419124105709605,9.857939458319471,50.209999084472656,12.0,1250,1182,1375,90,True,13
35.876,43.9,18.603626251220703,19.900300979614258,56.40891018520743,1.792038440083538,14.024698069033043,1.1669182896245205,13.517688858074765,9.831394781883864,50.07999801635742,12.0,1252,1180,1376,90,True,13
35.928,43.9,18.603626251220703,19.900300979614258,56.40891018520743,1.792038440083538,14.024698069033043,1.1669182896245205,13.517688858074765,9.831394781883864,50.07999801635742,12.0,1252,1180,1376,90,True,13
35.980,43.705,18.650959014892578,19.94831085205078,56.56344321517897,1.7244022783840751,15.711533666651814,1.1047651690029912,13.61134185065304,9.798953090873596,49.91999816894531,12.0,1254,1178,1377,90,True,13
36.030,43.705,18.650959014892578,19.94831085205078,56.56344321517897,1.7244022783840751,15.711533666651814,1.1047651690029912,13.61134185065304,9.798953090873596,49.91999816894531,12.0,1254,1178,1377,90,True,13
36.080,43.509,18.73963165283203,19.991365432739258,56.70541894236144,1.661404242017874,17.411081100089625,1.04335130963741,13.71887891026666,9.771170442650922,49.73999786376953,12.0,1256,1176,1378,90,True,13
36.132,43.39,18.73963165283203,20.015867233276367,56.78471060843612,1.625955987112331,18.436545211507827,1.0010087258166795,13.76776769679832,9.759275668211345,49.529998779296875,12.0,1257,1175,1379,90,True,13
36.182,43.309,18.802297592163086,20.03243064880371,56.83648002725023,1.603305585720688,19.12059207197919,0.9751133442390455,13.815727577602857,9.740634374419088,49.529998779296875,12.0,1258,1174,1379,90,True,13
36.233,43.189,18.802297592163086,20.05624771118164,56.912817636508876,1.5703184400721708,20.146710174010423,0.9355067847894342,13.860990387458886,9.723686113767348,49.29999923706055,12.0,1259,1173,1380,90,True,13
36.283,43.107,18.868343353271484,20.07083511352539,56.96057773428019,1.5492458123788004,20.833793053567856,0.9046641050968895,13.886466139289386,9.710953787380797,49.29999923706055,12.0,1260,1172,1380,90,True,13
36.334,42.984,18.868343353271484,20.093225479125977,57.03073743743456,1.5186830637205206,21.864123674769694,0.8497395124122022,13.951358912820032,9.690867908579083,49.04999923706055,12.0,1261,1171,1381,90,True,13
36.386,42.902,18.923940658569336,20.10842514038086,57.07664313884622,1.4991434933307008,22.550740393916275,0.8229073810620715,13.979623943152836,9.678823723751412,49.04999923706055,12.0,1262,1170,1381,90,True,13
36.436,42.777,18.923940658569336,20.130586624145508,57.144019539913806,1.4706646994212154,23.580297496194607,0.77035713288761,14.029754970339791,9.659322679897379,48.77000045776367,12.0,1264,1169,1382,90,True,13
36.487,42.693,18.928333282470703,20.144376754760742,57.1859534863231,1.4527375872840476,24.26915280984166,0.7367027631345473,14.070192251547205,9.648424259302978,48.77000045776367,12.0,1264,1168,1382,90,True,13
36.539,42.567,18.928333282470703,20.16558265686035,57.247397868096535,1.4268402847157096,25.30230259162342,0.6868386469337519,14.118996514487886,9.62859622014243,48.46999740600586,12.0,1266,1167,1383,90,True,13
36.590,42.482,18.98610496520996,20.179983139038086,57.287016380377196,1.410402900869545,25.991036669412704,0.6485939098107646,14.161816677941989,9.61304644072325,48.46999740600586,12.0,1267,1167,1384,90,True,13
36.642,42.352,18.98610496520996,20.20113754272461,57.344690497728784,1.386790296578576,27.023894460607448,0.5981017897322982,14.206310237742743,9.590562311749213,48.14999771118164,12.0,1268,1165,1384,90,True,13
36.693,42.266,19.003904342651367,20.2144775390625,57.38026212292621,1.3721620590888186,27.714918359315977,0.5637219258233332,14.2475235991946,9.579991740234973,48.14999771118164,12.0,1269,1165,1385,90,True,13
36.745,42.135,19.003904342651367,20.234905242919922,57.431481711512134,1.351496361259593,28.75131589604808,0.5024365593915129,14.295840357383272,9.553000540182376,47.79999923706055,12.0,1271,1163,1386,90,True,13
36.797,42.047,19.038162231445312,20.24867820739746,57.463890959123844,1.3388389535105016,29.442664228742185,0.4615238863456952,14.33281900154972,9.539259053345956,47.79999923706055,12.0,1272,1163,1386,90,True,13
36.849,41.916,19.038162231445312,20.26912498474121,57.509940094508075,1.3211024463398595,30.479866020249055,0.3982606732210537,14.377339882107155,9.5155950091928,47.43000030517578,12.0,1274,1162,1387,90,True,13
36.901,41.829,19.080472946166992,20.282346725463867,57.537704813484176,1.3102007173725787,31.172696503993055,0.35279279760736637,14.410870988290041,9.501099640226741,47.43000030517578,12.0,1274,1161,1388,90,True,13
36.952,41.697,19.080472946166992,20.30224609375,57.57693058988756,1.2956733318947846,32.212821616464694,0.2957900398264234,14.466794869666812,9.47983726134049,47.029998779296875,12.0,1276,1160,1388,90,True,13
37.004,41.609,19.136262893676758,20.315616607666016,57.60108896898189,1.2869100924679524,32.90657759084122,0.2520262163693749,14.494318824474671,9.464613623454179,47.029998779296875,12.0,1277,1159,1389,90,True,13
37.055,41.473,19.136262893676758,20.340839385986328,57.6371660281779,1.2747654825151409,33.95852917586074,0.18016490231738483,14.534470091510592,9.4371852912947,46.599998474121094,12.0,1279,1158,1390,90,True,13
37.106,41.382,19.16708755493164,20.358537673950195,57.66175470918995,1.2672888799732098,34.64561547051276,0.13123586836243323,14.560720216038243,9.416032195435172,46.599998474121094,12.0,1280,1157,1390,90,True,13
37.158,41.245,19.16708755493164,20.384124755859375,57.69542754179811,1.2575168002616257,35.676909148387566,0.05743041833643573,14.604974719218047,9.393411462677735,46.15999984741211,12.0,1282,1156,1391,90,True,13
37.209,41.153,19.231075286865234,20.400558471679688,57.71536486398538,1.2522054744082947,36.36504729217177,0.001372504502362245,14.64315035403654,9.376617735055966,46.15999984741211,12.0,1283,1155,1392,90,True,13
37.261,41.015,19.231075286865234,20.427865982055664,57.74280856407049,1.2459236213625868,37.396358045519506,-0.07895903452807708,14.684770111744013,9.347079728216599,45.68000030517578,12.0,1285,1154,1393,90,True,13
37.313,40.922,19.29179573059082,20.44629669189453,57.75998648983307,1.242741713704713,38.08230369858013,-0.132449694363565,14.723843916438366,9.32747110888314,45.68000030517578,12.0,1286,1154,1393,90,True,13
37.363,40.784,19.29179573059082,20.472652435302734,57.780845887558286,1.2395418768002677,39.113423206631104,-0.2103001638429439,14.76149533423806,9.307137635724011,45.18000030517578,12.0,1289,1153,1395,90,True,13
37.415,40.692,19.308868408203125,20.48956871032715,57.79100920904327,1.2387080601129974,39.802264859899815,-0.27241478460911256,14.770856108495563,9.282379053756362,45.18000030517578,12.0,1289,1152,1395,90,True,13
37.467,40.554,19.308868408203125,20.51639175415039,57.80225170041711,1.2395405961397985,40.83642038703686,-0.35281430203108133,14.810377290580549,9.250570009017967,44.64999771118164,12.0,1292,1151,1396,90,True,13
37.519,40.463,19.36422348022461,20.534128189086914,57.807278719646234,1.2414384282337099,41.525805040344586,-0.41550682083405654,14.846761708289208,9.234172432368057,44.64999771118164,12.0,1293,1151,1397,90,True,13
37.569,40.324,19.36422348022461,20.559396743774414,57.80872671975028,1.2467465524358676,42.56303756770272,-0.50942336266476,14.888270475422667,9.205669199187948,44.07999801635742,12.0,1295,1150,1398,90,True,13
37.620,40.232,19.385019302368164,20.575366973876953,57.80567362519128,1.2519183930197424,43.256322259026526,-0.5731616207822611,14.906057995568672,9.186660782727802,44.07999801635742,12.0,1296,1149,1398,90,True,13
37.671,40.092,19.385019302368164,20.600187301635742,57.7963777377309,1.262003807659501,44.297751937629634,-0.6645949086019888,14.932511318224131,9.1571424126823,43.46999740600586,12.0,1299,1148,1400,90,True,13
37.722,39.999,19.430383682250977,20.61644172668457,57.78735505783731,1.2704117705277866,44.99218068563942,-0.7345859381003722,14.966517122554333,9.135618779060298,43.46999740600586,12.0,1299,1148,1400,90,True,13
37.774,39.765,19.4456844329834,20.653940200805664,57.7516878099915,1.2976047813260172,46.733554490007094,-0.899777318189157,15.01344735234149,9.090773464517286,42.81999969482422,12.0,1303,1146,1402,90,True,13
37.825,39.765,19.4456844329834,20.653940200805664,57.7516878099915,1.2976047813260172,46.733554490007094,-0.899777318189157,15.01344735234149,9.090773464517286,42.81999969482422,12.0,1303,1146,1402,90,True,13
37.876,39.534,19.48750877380371,20.681785583496094,57.692668145373425,1.3353432840376303,48.48775197454147,-1.0723728901425,15.07758965883708,9.040598041100726,42.12999725341797,12.0,1307,1145,1404,90,True,13
37.928,39.534,19.48750877380371,20.681785583496094,57.692668145373425,1.3353432840376303,48.48775197454147,-1.0723728901425,15.07758965883708,9.040598041100726,42.12999725341797,12.0,1307,1145,1404,90,True,13
37.979,39.305,19.539037704467773,20.704362869262695,57.60902564879745,1.3842637669159061,50.25634749784623,-1.255472119100559,15.11812341646652,8.990094768604006,41.37999725341797,12.0,1311,1144,1406,90,True,13
38.031,39.168,19.539037704467773,20.71576690673828,57.549821569071774,1.4188340223479852,51.31890295155219,-1.3635107707313512,15.1524075510054,8.952975251785926,40.57999801635742,12.0,1314,1143,1407,90,True,13
38.082,39.078,19.55435562133789,20.721349716186523,57.50406613182186,1.4445425342187959,52.03117215367404,-1.4497413753942334,15.154504419080594,8.931836670078383,40.57999801635742,12.0,1315,1142,1408,90,True,13
38.134,38.944,19.55435562133789,20.729753494262695,57.4304640133258,1.4866870425535958,53.09883317378459,-1.576621530737329,15.188023572432432,8.892811530481868,39.72999954223633,12.0,1318,1142,1409,90,True,13
38.185,38.855,19.546310424804688,20.735376358032227,57.377844235960026,1.5164891856147713,53.80937433804643,-1.6659167559034311,15.184634091056813,8.873214010205809,39.72999954223633,12.0,1319,1141,1410,90,True,13
38.237,38.722,19.546310424804688,20.74239158630371,57.29461155073425,1.5648009278832697,54.87415301832723,-1.7897982447574796,15.218824310494604,8.838590927529367,38.82999801635742,12.0,1323,1141,1412,90,True,13
38.288,38.635,19.584888458251953,20.745630264282227,57.23372382937817,1.599313019985698,55.58533963546564,-1.8797116020434679,15.213997074298698,8.808560293296114,38.82999801635742,12.0,1324,1140,1412,90,True,13
38.338,38.503,19.584888458251953,20.75057601928711,57.13813533194384,1.6546053223076553,56.650651070501695,-2.0119186646089386,15.247869689940083,8.777879937318064,37.869998931884766,12.0,1327,1140,1414,90,True,13
38.389,38.415,19.625537872314453,20.753938674926758,57.071045798821395,1.6935065580037572,57.3588768006349,-2.10570890130085,15.245110293515397,8.748009812530306,37.869998931884766,12.0,1328,1139,1414,90,True,13
38.439,38.286,19.625537872314453,20.75787353515625,56.96591894221114,1.7552881803674611,58.41993302781804,-2.239762035932928,15.276213267448343,8.714596527110603,36.86000061035156,12.0,1332,1139,1416,90,True,13
38.490,38.2,19.66107749938965,20.759313583374023,56.890558050003804,1.798813347409956,59.127847984344015,-2.3412304724689914,15.271416767103702,8.69364662937888,36.86000061035156,12.0,1333,1139,1417,90,True,13
38.540,38.073,19.66107749938965,20.761566162109375,56.77251189057848,1.8679286719515495,60.18717617366714,-2.485523981657623,15.299816693672614,8.643336309726214,35.790000915527344,12.0,1337,1138,1419,90,True,13
38.591,37.988,19.681697845458984,20.76300811767578,56.69015688466105,1.9165233334620748,60.891949243174906,-2.5871268875429707,15.294740155572002,8.616817246499993,35.790000915527344,12.0,1338,1138,1419,90,True,13
38.642,37.863,19.681697845458984,20.764436721801758,56.56085457348354,1.9922658624892848,61.946619243484086,-2.7462762716197915,15.287047655019276,8.583847923376341,34.65999984741211,12.0,1342,1137,1421,90,True,13
38.692,37.781,19.65557098388672,20.764368057250977,56.46908415179524,2.045874096294011,62.65029948272465,-2.8578540284577083,15.319946968703935,8.55322220891165,34.65999984741211,12.0,1343,1137,1422,90,True,13
38.744,37.658,19.65557098388672,20.7642765045166,56.32621025473692,2.1298440150633247,63.70313216214709,-3.0055395803428975,15.307796062170482,8.511512804971321,33.46999740600586,12.0,1347,1137,1424,90,True,13
38.796,37.578,19.62928581237793,20.764066696166992,56.22706322874501,2.1882523777506884,64.40328802377593,-3.107437038136202,15.304030920390513,8.479608991358191,33.46999740600586,12.0,1348,1137,1424,90,True,13
38.846,37.458,19.62928581237793,20.762897491455078,56.073534236581466,2.2795624020002387,65.45212504253392,-3.240006314171095,15.328112459856685,8.456375249122747,32.209999084472656,12.0,1350,1136,1425,90,True,13
38.898,37.38,19.611391067504883,20.76128387451172,55.96745115348741,2.342810807488203,66.15148860221903,-3.3192452597231172,15.317503468528363,8.438687620493353,32.209999084472656,12.0,1350,1136,1426,90,True,13
38.949,37.262,19.611391067504883,20.758563995361328,55.805572255063524,2.440686777964251,67.19852245103614,-3.408903872297405,15.308798392431182,8.418966303038587,30.889999389648438,12.0,1352,1136,1426,90,True,13
38.999,37.185,19.62286949157715,20.75640296936035,55.695978454736085,2.5079240139275027,67.89562521810598,-3.468193329387701,15.313480487107226,8.406042731355276,30.889999389648438,12.0,1353,1135,1427,90,True,13
39.050,37.07,19.62286949157715,20.752389907836914,55.52926036728525,2.6125443693221153,68.94068514225295,-3.5550613827992157,15.318726072389795,8.386632187507747,29.5,12.0,1354,1135,1427,90,True,13
39.101,36.993,19.613880157470703,20.749073028564453,55.41332815140803,2.6853223828061283,69.65134583482526,-3.6173851514282895,15.313987628653098,8.381378064488715,29.5,12.0,1355,1135,1428,90,True,13
39.152,36.882,19.613880157470703,20.743667602539062,55.2406404786226,2.795307851793786,70.6936805134934,-3.7060918063870067,15.298566769054503,8.363208053749188,28.029998779296875,12.0,1357,1135,1429,90,True,13
39.203,36.809,19.608444213867188,20.73957061767578,55.12389547023416,2.8708911520359703,71.38785995959849,-3.7629074543372885,15.310507647270978,8.34624101007723,28.029998779296875,12.0,1358,1134,1429,90,True,13
39.254,36.702,19.608444213867188,20.737682342529297,54.94863623122622,2.987182593174842,72.42517444922666,-3.8448321583370064,15.310203703852912,8.330970414640374,26.510000228881836,12.0,1359,1134,1430,90,True,13
39.305,36.632,19.605195999145508,20.73703384399414,54.833270921050115,3.065670858248397,73.11115083813854,-3.8916957937797565,15.297443202936035,8.315822762608578,26.510000228881836,12.0,1360,1134,1430,90,True,13
39.355,36.528,19.605195999145508,20.73431968688965,54.658506870757,3.1861756723315207,74.13843177987597,-3.9683552757030407,15.280425786618949,8.29892402082832,24.920000076293945,12.0,1361,1134,1431,90,True,13
39.407,36.459,19.580699920654297,20.731464385986328,54.54074416418222,3.268470487206889,74.82212005541591,-4.019670486937347,15.269447965075447,8.282933694207674,24.920000076293945,12.0,1362,1134,1431,90,True,13
39.458,36.359,19.580699920654297,20.729482650756836,54.36327535897778,3.3945692262202525,75.84418273262744,-4.101721976323533,15.253207482776448,8.260333452017749,23.26999855041504,12.0,1363,1134,1432,90,True,13
39.510,36.294,19.612337112426758,20.72798728942871,54.24518480332285,3.4800276993418056,76.52240685683138,-4.143141097224136,15.243109048088584,8.248769087979271,23.26999855041504,12.0,1364,1134,1432,90,True,13
39.562,36.199,19.612337112426758,20.723617553710938,54.06545862059772,3.611574367991901,77.54007089221743,-4.217533383229799,15.241476632876951,8.231879737709122,21.53999900817871,12.0,1366,1133,1433,90,True,13
39.612,36.138,19.626358032226562,20.719371795654297,53.94384710242564,3.702029551378142,78.21941516744523,-4.2676016580537555,15.24345397264167,8.219141434907048,21.53999900817871,12.0,1367,1133,1434,90,True,13
39.663,36.049,19.626358032226562,20.714014053344727,53.75923391934936,3.8408288137097326,79.23700407075042,-4.347921694485343,15.223436395731655,8.197474367312475,19.75,12.0,1368,1133,1434,90,True,13
39.714,35.991,19.62913703918457,20.709880828857422,53.63537185384577,3.9350952426528405,79.91334306274342,-4.396824141395342,15.207588649309933,8.180452682127157,19.75,12.0,1369,1133,1435,90,True,13
39.765,35.908,19.62913703918457,20.701522827148438,53.44717282145524,4.080149250716871,80.92825453189396,-4.46173100219115,15.189464742347305,8.159043454173752,17.889999389648438,12.0,1370,1133,1435,90,True,13
39.817,35.855,19.570268630981445,20.694570541381836,53.31983418966411,4.179020507821036,81.60505797675052,-4.514781508361462,15.174631279017328,8.148879278915127,17.889999389648438,12.0,1371,1133,1436,90,True,13
39.867,35.779,19.570268630981445,20.680686950683594,53.12600708139748,4.33069851871951,82.62031778554872,-4.589478164672014,15.151874796250139,8.136054744974782,15.960000038146973,12.0,1372,1133,1436,90,True,13
39.918,35.732,19.548431396484375,20.668434143066406,52.99211146800314,4.434843535636571,83.30143790996073,-4.640306298041134,15.136144870591599,8.124941173421524,15.960000038146973,12.0,1373,1133,1437,90,True,13
39.969,35.663,19.548431396484375,20.648971557617188,52.789128491154116,4.594218315956003,84.32211405877075,-4.7065638287453115,15.097491122531205,8.104708445552655,13.969999313354492,12.0,1375,1134,1438,90,True,13
40.020,35.62,19.540729522705078,20.6352596282959,52.652190028484526,4.702525906285365,85.0017452019437,-4.758914667412521,15.062710091730207,8.085437920583109,13.979999542236328,12.0,1376,1134,1438,90,True,13
40.070,35.558,19.540729522705078,20.61229133605957,52.44473669282373,4.868261300269371,86.01989418076083,-4.835283866296079,15.039415731565878,8.06840513634039,11.929999351501465,12.0,1377,1134,1439,90,True,13
40.121,35.52,19.479724884033203,20.59491729736328,52.30340641851783,4.981391004152761,86.70009222963489,-4.886351483172972,15.021501852920228,8.053407748470335,11.929999351501465,12.0,1378,1134,1439,90,True,13
40.172,35.43,19.461734771728516,20.549476623535156,51.94828439300135,5.271708621710976,88.39505831368692,-5.004112909087278,14.981681850059054,8.020966057460067,9.84999942779541,12.0,1380,1134,1440,90,True,13
40.224,35.43,19.461734771728516,20.549476623535156,51.94828439300135,5.271708621710976,88.39505831368692,-5.004112909087278,14.981681850059054,8.020966057460067,9.84999942779541,12.0,1380,1134,1440,90,True,13
40.275,35.351,19.41090965270996,20.498432159423828,51.58948431061683,5.57189330129892,90.08285269911042,-5.132499974916008,14.929669959529406,7.992118753500518,7.710000038146973,12.0,1383,1134,1442,90,True,13
40.327,35.351,19.41090965270996,20.498432159423828,51.58948431061683,5.57189330129892,90.08285269911042,-5.132499974916008,14.929669959529406,7.992118753500518,7.710000038146973,12.0,1383,1134,1442,90,True,13
40.378,35.284,19.39839744567871,20.44318389892578,51.22582454863784,5.881402469764402,91.76167221596454,-5.270162437637614,14.853439925750187,7.958296510504261,5.549999713897705,12.0,1385,1135,1443,90,True,13
40.429,35.284,19.39839744567871,20.44318389892578,51.22582454863784,5.881402469764402,91.76167221596454,-5.270162437637614,14.853439925750187,7.958296510504261,5.549999713897705,12.0,1385,1135,1443,90,True,13
40.481,35.228,19.345874786376953,20.383411407470703,50.85879750339804,6.199074141174872,93.42892139236464,-5.400430793695859,14.79977683698869,7.919725578487553,3.359999895095825,12.0,1388,1135,1444,90,True,13
40.533,35.199,19.345874786376953,20.34557342529297,50.636382638360324,6.394084152828375,94.42529572810777,-5.48512684695131,14.771489608541081,7.905357421794784,1.159999966621399,12.0,1389,1135,1445,90,True,13
40.583,35.181,19.282032012939453,20.319807052612305,50.487515250305314,6.5256933603980585,95.08714105868201,-5.539749577291194,14.733132973709582,7.888029231870462,1.159999966621399,12.0,1390,1136,1445,90,True,13
40.634,35.159,19.282032012939453,20.279878616333008,50.2633928379751,6.725036273306289,96.07579728066301,-5.621504380335308,14.684852074014055,7.866752338832226,-1.0499999523162842,12.0,1392,1136,1446,90,True,13
40.685,35.146,19.256284713745117,20.252174377441406,50.11232271391276,6.859658021186771,96.73362646000528,-5.670630942827448,14.657036128619177,7.854461413420788,-1.0499999523162842,12.0,1393,1136,1447,90,True,13
40.736,35.131,19.256284713745117,20.209688186645508,49.88450858433615,7.064158580692007,97.71711222878459,-5.757844774565695,14.610852096998844,7.8352694356266985,-3.259999990463257,12.0,1394,1137,1447,90,True,13
40.786,35.124,19.179889678955078,20.180767059326172,49.73201778092645,7.201615710851691,98.37023540778871,-5.813622233762135,14.569946094059638,7.825450184921159,-3.259999990463257,12.0,1395,1137,1448,90,True,13
40.837,35.117,19.179889678955078,20.13606071472168,49.50227412290931,7.410793669277916,99.34678853456046,-5.898652112513269,14.536910176591578,7.806727782632508,-5.460000038146973,12.0,1397,1137,1449,90,True,13
40.888,35.115,19.127519607543945,20.10525131225586,49.34738592310094,7.551560452977294,99.99635318500701,-5.951654807359391,14.495816343450196,7.790145790875009,-5.460000038146973,12.0,1398,1138,1449,90,True,13
40.939,35.116,19.127519607543945,20.05803871154785,49.11408715162081,7.76457612394342,100.96675231133656,-6.030320657351367,14.442853349078625,7.771586459352792,-7.639999866485596,12.0,1399,1138,1450,90,True,13
40.990,35.12,19.0378475189209,20.02582550048828,48.95767581962752,7.908495039944759,101.61187050863344,-6.088892517691988,14.417456998197226,7.757877415914931,-7.639999866485596,12.0,1400,1138,1450,90,True,13
41.041,35.128,19.0378475189209,19.976335525512695,48.72186012343824,8.126451499001744,102.5760746533858,-6.175839118278958,14.34463352126655,7.737642126725121,-9.789999961853027,12.0,1402,1139,1451,90,True,13
41.091,35.136,18.997434616088867,19.942447662353516,48.56307871580295,8.272777202911865,103.21682152961387,-6.231301534999931,14.318615623170679,7.728348800585673,-9.789999961853027,12.0,1403,1139,1452,90,True,13
41.142,35.153,18.997434616088867,19.89054298400879,48.32369424577235,8.494541492431132,104.1744482021955,-6.315034104695587,14.247787415251292,7.705033949853834,-11.899999618530273,12.0,1404,1140,1452,90,True,13
41.192,35.167,18.94281005859375,19.854354858398438,48.16000876231299,8.646522592974025,104.82378062621028,-6.368586202883072,14.211852936254209,7.699703840980286,-11.90999984741211,12.0,1405,1140,1453,90,True,13
41.244,35.192,18.94281005859375,19.804662704467773,47.919586103528545,8.871701977078297,105.77192016603477,-6.451535862145115,14.151343436623419,7.671347456867331,-13.979999542236328,12.0,1407,1141,1454,90,True,13
41.296,35.21,18.8581485748291,19.771699905395508,47.76034707321887,9.021566572752132,106.3977772298722,-6.506612800064805,14.102700536901882,7.659217040901389,-13.989999771118164,12.0,1408,1141,1454,90,True,13
41.347,35.24,18.8581485748291,19.720197677612305,47.519377999300815,9.248567056043859,107.33333556124553,-6.605023446286818,14.042941504306148,7.636217232645017,-16.010000228881836,12.0,1410,1142,1455,90,True,13
41.399,35.264,18.7683048248291,19.684507369995117,47.35766644051159,9.400802581133336,107.95423390774555,-6.6599787214619175,13.984328235943684,7.6246340855863215,-16.020000457763672,12.0,1411,1142,1456,90,True,13
41.449,35.303,18.7683048248291,19.632612228393555,47.11404725319558,9.630414758008946,108.88064661582023,-6.748449308007446,13.91217155623073,7.6012756923985245,-17.979999542236328,12.0,1412,1143,1456,90,True,13
41.501,35.331,18.675275802612305,19.597558975219727,46.95129067546335,9.783834467145773,109.49430496180003,-6.806050000825457,13.873925058199596,7.593592583355906,-17.989999771118164,12.0,1413,1143,1457,90,True,13
41.553,35.377,18.675275802612305,19.542638778686523,46.704782318128416,10.016283733847878,110.41224823530388,-6.895969014361851,13.795907222405127,7.567928147549583,-19.899999618530273,12.0,1415,1144,1458,90,True,13
41.604,35.41,18.592775344848633,19.504560470581055,46.538702853364974,10.172748853580883,111.02262809048207,-6.956042662546229,13.76314622005116,7.5538135616297515,-19.90999984741211,12.0,1416,1145,1458,90,True,13
41.655,35.464,18.592775344848633,19.448095321655273,46.28731432586807,10.408456974290731,111.93412366540944,-7.043516468359759,13.67562588357391,7.530126465588148,-21.739999771118164,12.0,1418,1145,1459,90,True,13
41.705,35.502,18.492408752441406,19.409690856933594,46.11872135149006,10.566546825272553,112.53895740698158,-7.106314081362503,13.631058899239576,7.521354795146559,-21.75,12.0,1419,1146,1460,90,True,13
41.757,38.666,16.011754989624023,16.233346939086914,37.24141178910318,17.346913180384647,135.54193487112815,-9.713978707409467,9.28618090780312,6.325041185603301,-40.16999816894531,12.0,1477,1180,1489,75,True,13
41.811,38.892,15.798446655273438,15.978992462158203,36.592526742479045,17.685460044332793,136.6345602326551,-9.95485130490549,8.92466241012893,6.373595292865629,-40.54999923706055,12.0,1481,1182,1491,74,True,13
41.861,38.892,15.798446655273438,15.978992462158203,36.592526742479045,17.685460044332793,136.6345602326551,-9.95485130490549,8.92466241012893,6.373595292865629,-40.54999923706055,12.0,1481,1182,1491,74,True,13
41.912,39.117,15.588685989379883,15.718488693237305,35.91745133548249,18.002870887894332,137.7102467250404,-10.246473915482001,8.57471681422968,6.487580477942564,-40.86000061035156,12.0,1486,1185,1493,73,True,13
41.964,39.117,15.588685989379883,15.718488693237305,35.91745133548249,18.002870887894332,137.7102467250404,-10.246473915482001,8.57471681422968,6.487580477942564,-40.86000061035156,12.0,1486,1185,1493,73,True,13
42.015,39.342,15.368797302246094,15.454126358032227,35.210198907306015,18.294907578689273,138.77378914108144,-10.606176436610614,8.194685942583817,6.6430347296784085,-41.099998474121094,12.0,1491,1188,1496,72,True,13
42.067,39.342,15.368797302246094,15.454126358032227,35.210198907306015,18.294907578689273,138.77378914108144,-10.606176436610614,8.194685942583817,6.6430347296784085,-41.099998474121094,12.0,1491,1188,1496,72,True,13
42.117,39.565,15.115050315856934,15.184226989746094,34.466381061407866,18.560764154395557,139.82957246222531,-10.995617601385462,7.835153322410808,6.819120848462745,-41.27000045776367,12.0,1495,1191,1498,71,True,13
42.168,39.696,15.115050315856934,15.020825386047363,34.00118370722747,18.70699679697824,140.45928858294383,-11.231864453266095,7.5909125878803225,6.92798467232264,-41.349998474121094,12.0,1499,1192,1500,70,True,13
42.220,39.784,14.831690788269043,14.911656379699707,33.68306081644496,18.79890552999722,140.87755570733705,-11.399614753055253,7.448493752175448,7.001995321508429,-41.36000061035156,12.0,1500,1193,1500,70,True,13
42.273,39.914,14.831690788269043,14.745994567871094,33.193903158656155,18.9288532940513,141.50279122396003,-11.633447986837933,7.204013961024011,7.102104977286483,-41.37999725341797,12.0,1503,1195,1501,69,True,13
42.325,40.0,14.560824394226074,14.635198593139648,32.85994105918838,19.009924224404767,141.91788914057838,-11.789288998035529,7.052291980782757,7.169001557564879,-41.38999938964844,12.0,1505,1196,1502,69,True,13
42.375,40.129,14.560824394226074,14.466681480407715,32.347222663857615,19.123759572206783,142.5382205813773,-12.02449766116232,6.809826241662828,7.267182111789228,-41.349998474121094,12.0,1509,1198,1504,68,True,13
42.425,40.214,14.321078300476074,14.353050231933594,31.995758204641685,19.19472011504134,142.95214370545838,-12.18385878110341,6.653715437993016,7.328173993530149,-41.36000061035156,12.0,1511,1199,1505,68,True,13
42.477,40.342,14.321078300476074,14.182218551635742,31.456716260249696,19.293730537249843,143.5704260895063,-12.4108678021316,6.411361543220746,7.41534599035973,-41.25,12.0,1515,1201,1507,68,True,13
42.528,40.426,14.088072776794434,14.06860065460205,31.08938185649724,19.354401400099775,143.98034672273377,-12.566988851085167,6.2504346024124295,7.468279102653682,-41.2599983215332,12.0,1517,1202,1508,68,True,13
42.579,40.553,14.088072776794434,13.897161483764648,30.52692260853586,19.43805755705409,144.5918808798817,-12.785448182819794,6.004842344199927,7.543657070333943,-41.09000015258789,12.0,1521,1204,1510,67,True,13
42.630,40.636,13.847116470336914,13.782454490661621,30.14323673191039,19.488778541830605,144.9987689091177,-12.929493457320778,5.843979436415079,7.59811075349187,-41.099998474121094,12.0,1523,1205,1511,67,True,13
42.680,40.761,13.847116470336914,13.610625267028809,29.556957199218594,19.55756196186722,145.60462034887615,-13.13217590584632,5.593414800486808,7.656804276577081,-40.869998931884766,12.0,1527,1207,1513,66,True,13
42.731,40.843,13.601080894470215,13.49677848815918,29.159156736673296,19.598392832725555,146.00544317012918,-13.266977373079339,5.435382579226107,7.696802718130322,-40.87999725341797,12.0,1529,1208,1514,66,True,13
42.783,40.964,13.601080894470215,13.325845718383789,28.55249250440359,19.652371817736167,146.60201921299478,-13.453436414778809,5.183076245059483,7.750703155965478,-40.61000061035156,12.0,1533,1210,1516,65,True,13
42.835,41.043,13.333147048950195,13.2121000289917,28.14050573895218,19.68346796147994,146.99782867539702,-13.572910937514319,5.023485033120727,7.781989691232368,-40.61000061035156,12.0,1535,1212,1517,65,True,13
42.885,41.162,13.333147048950195,13.042370796203613,27.513395335402045,19.722960115260953,147.58588064217844,-13.7372282134719,4.770286505493768,7.8167758446752424,-40.29999923706055,12.0,1540,1214,1520,64,True,13
42.936,41.24,13.083226203918457,12.93025016784668,27.089201314356526,19.744319824342877,147.97431350027708,-13.853884429401132,4.59632372176766,7.843547624900754,-40.29999923706055,12.0,1542,1215,1521,64,True,13
42.986,41.357,13.083226203918457,12.7628812789917,26.444175324613443,19.76970592994052,148.5513142209814,-14.005525728032817,4.346215854740133,7.868339504040608,-39.95000076293945,12.0,1547,1217,1523,64,True,13
43.037,41.433,12.830623626708984,12.652090072631836,26.00748888757597,19.78226323272959,148.93334036163856,-14.110883103527557,4.192612584269362,7.880057547335411,-39.95000076293945,12.0,1549,1218,1524,64,True,13
43.089,41.546,12.830623626708984,12.487194061279297,25.344371434268822,19.7946292902219,149.50053293069476,-14.24748261805958,3.935134089353745,7.894116637968236,-39.55999755859375,12.0,1554,1220,1527,63,True,13
43.139,41.621,12.524127960205078,12.37853717803955,24.89702307193696,19.798358573508725,149.87458141040133,-14.333775228033522,3.76746361740051,7.898862765667748,-39.55999755859375,12.0,1556,1221,1528,63,True,13
43.191,41.73,12.524127960205078,12.216694831848145,24.218390843930123,19.798196356515938,150.42967088424828,-14.452349019572235,3.523675596345949,7.895515972974442,-39.13999938964844,12.0,1562,1223,1531,62,True,13
43.241,41.802,12.24180793762207,12.1099214553833,23.760279811013614,19.79378405431211,150.7965066841913,-14.534249817909858,3.3646389103904335,7.889786298034448,-39.13999938964844,12.0,1564,1224,1532,62,True,13
43.292,41.907,12.24180793762207,11.951420783996582,23.066055968678935,19.781643393062414,151.34043562893444,-14.639238363189417,3.120908732500406,7.873165886462868,-38.70000076293945,12.0,1570,1227,1535,62,True,13
43.344,41.977,11.917784690856934,11.84716796875,22.598444142626935,19.769442967657476,151.6985697678749,-14.71110561363629,2.9509563370341523,7.8551222342229865,-38.689998626708984,12.0,1572,1228,1536,62,True,13
43.395,42.078,11.917784690856934,11.692422866821289,21.89030720495294,19.745499739521996,152.228797353143,-14.806067441214271,2.695310467250214,7.821369146892076,-38.21999740600586,12.0,1579,1230,1539,61,True,13
43.446,42.145,11.684475898742676,11.590625762939453,21.413005048015986,19.725142360700772,152.5784620575126,-14.867725266399269,2.531781437811534,7.7969051168323835,-38.21999740600586,12.0,1581,1231,1540,61,True,13
43.497,42.243,11.684475898742676,11.43988037109375,20.690999411232276,19.68983028269181,153.09583522676274,-14.941523752833964,2.2941440021045696,7.746295976403528,-37.72999954223633,12.0,1588,1234,1544,61,True,13
43.548,42.306,11.405961990356445,11.340847969055176,20.20532514992018,19.662644422247865,153.43584204364598,-15.000912247667225,2.1283770184956525,7.706320586738736,-37.72999954223633,12.0,1591,1235,1545,61,True,13
43.600,42.4,11.405961990356445,11.194380760192871,19.470963700927918,19.616837758579173,153.93787460802025,-15.059943865116352,1.8813576776334409,7.63372933623984,-37.22999954223633,12.0,1598,1237,1549,61,True,13
43.650,42.461,11.115387916564941,11.098383903503418,18.977018080530936,19.582232605149304,154.26818255628208,-15.105137519307034,1.7261360792162006,7.58665823380105,-37.21999740600586,12.0,1601,1238,1550,61,True,13
43.701,42.553,11.115387916564941,10.95460319519043,18.22050291296574,19.525238091620132,154.76181398797723,-15.147691305383505,1.4910141808362105,7.492530543075459,-36.709999084472656,12.0,1608,1241,1554,60,True,13
43.751,42.613,10.886396408081055,10.861674308776855,17.719576839237003,19.48437477736324,155.0806062372984,-15.175705326264314,1.3250681182049924,7.430193967841691,-36.70000076293945,12.0,1611,1242,1555,60,True,13
43.802,42.699,10.886396408081055,10.726668357849121,16.963512464157027,19.417623338604706,155.5493347992797,-15.207291536081037,1.0833167741835645,7.316560964393835,-36.16999816894531,12.0,1619,1244,1559,60,True,13
43.854,42.755,10.677236557006836,10.638726234436035,16.45652118244532,19.369081184173425,155.8550950476645,-15.23170775481654,0.9350931314578252,7.239112595621414,-36.15999984741211,12.0,1622,1246,1561,60,True,13
43.905,42.837,10.677236557006836,10.508960723876953,15.692047136949768,19.291754905032416,156.30404338180944,-15.23785321752226,0.6996090196084129,7.108204763102127,-35.64999771118164,12.0,1630,1248,1564,60,True,13
43.957,42.89,10.489686965942383,10.423965454101562,15.179612194469561,19.237352448293265,156.59670332736616,-15.249710425921402,0.5427683461927622,7.010515128724373,-35.63999938964844,12.0,1633,1249,1566,60,True,13
44.009,43.016,10.242786407470703,10.220769882202148,13.890426795234347,19.089682050890296,157.30384647251591,-15.238908481749027,0.17131931375432907,6.752366421496449,-35.11000061035156,12.0,1644,1252,1572,60,True,13
44.060,43.016,10.242786407470703,10.220769882202148,13.890426795234347,19.089682050890296,157.30384647251591,-15.238908481749027,0.17131931375432907,6.752366421496449,-35.11000061035156,12.0,1644,1252,1572,60,True,13
44.112,43.137,10.04221248626709,10.02564811706543,12.591638150026096,18.928557888369696,157.97518576603645,-15.18751813843385,-0.19129569608591232,6.453985765623034,-34.59000015258789,12.0,1655,1255,1577,60,True,13
44.163,43.137,10.04221248626709,10.02564811706543,12.591638150026096,18.928557888369696,157.97518576603645,-15.18751813843385,-0.19129569608591232,6.453985765623034,-34.59000015258789,12.0,1655,1255,1577,60,True,13
44.214,43.248,9.886770248413086,9.841313362121582,11.285767452422188,18.753423300314108,158.60872679269016,-15.102106622862841,-0.5507854941744762,6.115990012563545,-34.07999801635742,12.0,1668,1258,1584,60,True,13
44.265,43.248,9.886770248413086,9.841313362121582,11.285767452422188,18.753423300314108,158.60872679269016,-15.102106622862841,-0.5507854941744762,6.115990012563545,-34.07999801635742,12.0,1668,1258,1584,60,True,13
44.316,43.351,9.665690422058105,9.665794372558594,9.974981579936811,18.565094494329347,159.2027620051845,-14.988467642999462,-0.8933961072353668,5.751954163293382,-33.57999801635742,12.0,1680,1261,1590,60,True,13
44.369,43.408,9.665690422058105,9.567572593688965,9.187255009185593,18.445784749907563,159.53939470861775,-14.90330713688045,-1.089803746347784,5.516488087412246,-33.099998474121094,12.0,1689,1263,1594,61,True,13
44.420,43.446,9.400104522705078,9.504566192626953,8.661572061036502,18.363173611896258,159.75533796941687,-14.851250850121197,-1.2120971094980988,5.355662745667834,-33.09000015258789,12.0,1692,1264,1596,61,True,13
44.470,43.501,9.400104522705078,9.415872573852539,7.872892678896068,18.236323338630783,160.0659203313557,-14.7564068433064,-1.3960974965397763,5.096289300144361,-32.63999938964844,12.0,1702,1266,1601,63,True,13
44.520,43.536,9.218596458435059,9.359416961669922,7.346781990150203,18.14930843615211,160.26394117577271,-14.69798823533528,-1.5165349692265515,4.919528273292663,-32.630001068115234,12.0,1706,1266,1603,63,True,13
44.571,43.588,9.218596458435059,9.280555725097656,6.557458435793673,18.01619317187044,160.54718912065314,-14.601448634059029,-1.6836795166136955,4.646335647530962,-32.21999740600586,12.0,1716,1268,1608,65,True,13
44.621,43.622,9.003157615661621,9.23057746887207,6.030350966315809,17.925155287970632,160.72769736003823,-14.544910035656956,-1.7860797403629365,4.457422006598518,-32.209999084472656,12.0,1721,1269,1610,65,True,13
44.672,43.67,9.003157615661621,9.162070274353027,5.239417621749271,17.786645881791944,160.984403189804,-14.455861444352914,-1.9277634769583885,4.170875507235796,-31.829999923706055,12.0,1731,1271,1615,67,True,13
44.724,43.702,8.908549308776855,9.11928653717041,4.71179831497048,17.69257539390065,161.14585520140474,-14.396630043870564,-2.017794334842442,3.9738715072314723,-31.81999969482422,12.0,1736,1271,1618,67,True,13
44.775,43.748,8.908549308776855,9.061851501464844,3.920267328851566,17.549821025152802,161.37345076492792,-14.301720296485005,-2.1365232997413623,3.673912223886138,-31.489999771118164,12.0,1742,1273,1621,68,True,13
44.826,43.779,8.847054481506348,9.02668285369873,3.392615792117629,17.452499367216582,161.5166525110664,-14.226538696743383,-2.2128717946139997,3.4806725118881374,-31.479999542236328,12.0,1743,1273,1621,68,True,13
44.877,43.824,8.847054481506348,8.979740142822266,2.6037739795409958,17.305097054738535,161.7175010537998,-14.084673960134925,-2.3081356446193406,3.194038714170086,-30.209999084472656,12.0,1748,1274,1624,70,True,13
44.928,43.853,8.652139663696289,8.951138496398926,2.08002717657819,17.20587489666576,161.8421656665309,-13.979577839375938,-2.3575633757651957,3.0040486781131306,-30.209999084472656,12.0,1749,1274,1624,70,True,13
44.980,43.896,8.652139663696289,8.91395092010498,1.2991824483025844,17.05627155572768,162.0160349620427,-13.79798359991281,-2.432382548593985,2.7309529556602796,-26.51999855041504,12.0,1752,1275,1626,71,True,13
45.030,43.924,8.564005851745605,8.891921997070312,0.7818563433247082,16.955165972991274,162.12408855471233,-13.668437963246117,-2.465922405956744,2.5423304515412073,-26.51999855041504,12.0,1753,1275,1626,71,True,13
45.081,43.965,8.564005851745605,8.864876747131348,0.012315167080153537,16.802808358270383,162.27274079180847,-13.460323806783121,-2.5257755670969773,2.2607917615005744,-25.0,12.0,1758,1276,1628,72,True,13
45.132,43.992,8.466182708740234,8.849543571472168,-0.49655085731766596,16.700471633936083,162.3624348359891,-13.321915999668336,-2.555632885280042,2.0553823599489034,-25.0,12.0,1759,1276,1629,72,True,13
45.183,44.032,8.466182708740234,8.832908630371094,-1.2528642674980834,16.546812868178307,162.48186752381594,-13.092868167172897,-2.589126852309315,1.7396545176875367,-25.0,12.0,1763,1276,1631,74,True,13
45.234,44.057,8.437342643737793,8.824834823608398,-1.7528787244160335,16.443494304150814,162.5517540194035,-12.940029024115523,-2.594727820872137,1.5097704139055945,-25.0,12.0,1764,1276,1632,74,True,13
45.285,44.096,8.437342643737793,8.818403244018555,-2.49497418870457,16.28901079305076,162.63930338418473,-12.686356652114895,-2.597703222029324,1.1521703103808763,-25.0,12.0,1768,1276,1634,75,True,13
45.336,44.121,8.33823013305664,8.816560745239258,-2.98457388779872,16.186131068677444,162.68565304789243,-12.513128540611385,-2.5921513454511613,0.899332929006283,-25.0,12.0,1765,1275,1632,75,True,13
45.388,44.159,8.33823013305664,8.819330215454102,-3.708664653269986,16.0331023878706,162.73664724023575,-12.194256890341109,-2.5667936278272543,0.5215392644787163,-25.0,12.0,1760,1275,1630,76,True,13
45.440,44.184,8.323896408081055,8.823894500732422,-4.183298767562404,15.930811767313196,162.75944641168525,-11.948159198130025,-2.5417537274431643,0.27004943140259896,-25.0,12.0,1756,1275,1628,76,True,13
45.492,44.222,8.323896408081055,8.836166381835938,-4.879976355356411,15.778667596003869,162.77510120526293,-11.535650776980752,-2.499116698436183,-0.10519842018408433,-25.0,12.0,1751,1274,1625,77,True,13
45.542,44.248,8.344826698303223,8.846668243408203,-5.333330161516008,15.677956456692032,162.77340731834875,-11.24544713820431,-2.462830464696844,-0.35098108993002053,-25.0,12.0,1747,1274,1623,77,True,13
45.593,44.287,8.344826698303223,8.867920875549316,-5.994490338739126,15.52840775726731,162.75310799613547,-10.771976717391734,-2.4013525723077938,-0.7082490488259204,-25.0,12.0,1741,1273,1620,78,True,13
45.644,44.312,8.38879108428955,8.884761810302734,-6.42204182464853,15.42873309916202,162.7289154660953,-10.438053037738042,-2.3520985840989512,-0.9426892623102314,-25.0,12.0,1737,1272,1618,78,True,13
45.695,44.349,8.38879108428955,8.914044380187988,-7.04155406963385,15.281894277290501,162.67528482073234,-9.909031834632106,-2.260834236739475,-1.2859355098507563,-25.0,12.0,1731,1271,1615,79,True,13
45.745,44.374,8.378119468688965,8.935211181640625,-7.439419845863086,15.185614223202709,162.62822481735097,-9.549584591823722,-2.1896664403522927,-1.5088464173769387,-25.0,12.0,1726,1271,1613,79,True,13
45.797,44.411,8.378119468688965,8.973660469055176,-8.020016661165435,15.041044731682927,162.54051152802967,-8.981539102894919,-2.0813810481377337,-1.8332780550750172,-25.0,12.0,1720,1269,1610,80,True,13
45.849,44.437,8.36038875579834,9.00100040435791,-8.385099663812724,14.94639197016489,162.473152202435,-8.600295872671378,-1.9977718487339615,-2.036869559090407,-25.0,12.0,1716,1269,1608,80,True,13
45.901,44.475,8.36038875579834,9.044910430908203,-8.90738373907609,14.807575205473551,162.35649257141117,-8.020829453676667,-1.8830878499275698,-2.3334265544554285,-25.0,12.0,1710,1267,1605,81,True,13
45.952,44.5,8.410853385925293,9.075267791748047,-9.23839690436971,14.717302302760785,162.26882026322488,-7.629963340686224,-1.7947961289609307,-2.5224033746376953,-25.0,12.0,1707,1266,1603,81,True,13
46.004,44.539,8.410853385925293,9.126452445983887,-9.709571527847517,14.584646368700797,162.12337821503863,-7.059746278488179,-1.6691680326700629,-2.7955321808193387,-25.0,12.0,1702,1265,1601,82,True,13
46.056,44.565,8.442061424255371,9.162271499633789,-10.006824775621057,14.497441928472659,162.01817964144212,-6.680616138039111,-1.5754205913821704,-2.960776868400161,-25.0,12.0,1699,1265,1599,82,True,13
46.109,44.628,8.550741195678711,9.256489753723145,-10.691856037106547,14.289384121070317,161.72327939383763,-5.75747679812416,-1.3444401355167352,-3.3695577138099004,-25.0,12.0,1692,1262,1596,82,True,13
46.160,44.628,8.550741195678711,9.256489753723145,-10.691856037106547,14.289384121070317,161.72327939383763,-5.75747679812416,-1.3444401355167352,-3.3695577138099004,-25.0,12.0,1692,1262,1596,82,True,13
46.211,44.693,8.643298149108887,9.359356880187988,-11.296346561672893,14.094960225024964,161.38791710559002,-4.875966180539968,-1.0936987684436896,-3.7320691502346808,-25.0,12.0,1685,1261,1592,83,True,13
46.263,44.693,8.643298149108887,9.359356880187988,-11.296346561672893,14.094960225024964,161.38791710559002,-4.875966180539968,-1.0936987684436896,-3.7320691502346808,-25.0,12.0,1685,1261,1592,83,True,13
46.314,44.758,8.724922180175781,9.464887619018555,-11.82328797217656,13.916047688584712,161.01490681463727,-4.038556386879255,-0.8413554018451587,-4.05317811434496,-25.0,12.0,1678,1259,1589,83,True,13
46.365,44.758,8.724922180175781,9.464887619018555,-11.82328797217656,13.916047688584712,161.01490681463727,-4.038556386879255,-0.8413554018451587,-4.05317811434496,-25.0,12.0,1678,1259,1589,83,True,13
46.417,44.823,8.774622917175293,9.575094223022461,-12.27659994342749,13.753084497630084,160.6085378797782,-3.2474793948967355,-0.597370906130254,-4.328766855844866,-25.0,12.0,1672,1257,1585,84,True,13
46.470,44.863,8.774622917175293,9.641519546508789,-12.51498379074469,13.66297978832563,160.35019280461162,-2.801853094009362,-0.455604140047704,-4.474546144621386,-25.0,12.0,1668,1256,1584,84,True,13
46.520,44.89,8.875247955322266,9.685487747192383,-12.660477919123363,13.606484732379517,160.17225271635445,-2.516190036927099,-0.3571477102139107,-4.565473037947181,-25.0,12.0,1666,1255,1583,84,True,13
46.570,44.931,8.875247955322266,9.751140594482422,-12.859585617392051,13.527041948369451,159.89710537582965,-2.1094023260945343,-0.21960616318495405,-4.695126676980125,-25.0,12.0,1663,1255,1581,84,True,13
46.621,44.959,8.962786674499512,9.794219970703125,-12.98053631476193,13.478167675989779,159.70796377733367,-1.8477373521045226,-0.12970205066672902,-4.769724295547712,-25.0,12.0,1662,1254,1581,84,True,13
46.673,45.0,8.962786674499512,9.859002113342285,-13.144726378446219,13.410128746572697,159.41707968096117,-1.4862297400443223,0.002315600881299606,-4.8778773528471016,-25.0,12.0,1659,1254,1579,85,True,13
46.723,45.028,9.06902027130127,9.901999473571777,-13.243132328913179,13.367869512404182,159.21874464784233,-1.2533060953600186,0.0850056529239226,-4.943388258497633,-25.0,12.0,1658,1253,1578,85,True,13
46.773,45.071,9.06902027130127,9.965869903564453,-13.375608116733806,13.309778753513223,158.91489685242516,-0.9353309074183063,0.21598144048936646,-5.037660663856265,-25.0,12.0,1658,1253,1579,85,True,13
46.824,45.099,9.128345489501953,10.007715225219727,-13.45530191019587,13.274254939639988,158.70791479981708,-0.7451960500066053,0.28995756520333493,-5.095081210434915,-25.0,12.0,1660,1252,1580,85,True,13
46.875,45.143,9.128345489501953,10.070225715637207,-13.562998625481338,13.225618870107619,158.3917453431372,-0.5000115754318939,0.41459480381687475,-5.1837754856757625,-25.0,12.0,1661,1252,1580,85,True,13
46.927,45.172,9.195758819580078,10.111480712890625,-13.628073252798634,13.195941698163914,158.17726374282046,-0.3614019308910501,0.4904899182029259,-5.24015357463234,-25.0,12.0,1662,1252,1581,85,True,13
46.977,45.216,9.195758819580078,10.172761917114258,-13.717010853528663,13.155294388639522,157.85028892687362,-0.17403225955657287,0.5964107309433383,-5.32588738975481,-25.0,12.0,1664,1252,1582,85,True,13
47.027,45.246,9.29578685760498,10.212936401367188,-13.771865810300328,13.130890122735066,157.62818483544314,-0.06401309319031485,0.6709545084103583,-5.380132752143051,-25.0,12.0,1665,1251,1582,85,True,13
47.078,45.293,9.29578685760498,10.27296257019043,-13.847782509151372,13.098410865684363,157.28984458471737,0.07087355130412987,0.784478175470641,-5.461540923086787,-25.0,12.0,1667,1251,1583,85,True,13
47.128,45.324,9.448652267456055,10.312617301940918,-13.894724691769579,13.07903703410362,157.06110154941365,0.1554407514400626,0.8509055537695703,-5.510959903052767,-25.0,12.0,1668,1251,1584,85,True,13
47.179,45.372,9.448652267456055,10.371031761169434,-13.960792257837465,13.053341008672387,156.71332197725494,0.25399376441758814,0.9487596996567861,-5.588634948728268,-25.0,12.0,1670,1251,1584,85,True,13
47.229,45.404,9.52035140991211,10.409175872802734,-14.003116378803096,13.038985658584313,156.4778853565646,0.3052408338427525,1.017560835496559,-5.62703299158161,-25.0,12.0,1671,1251,1585,85,True,13
47.280,45.453,9.52035140991211,10.465431213378906,-14.063191307647942,13.020522803484122,156.120789406378,0.38562722449491016,1.1061128507035993,-5.688839800267879,-25.0,12.0,1672,1251,1586,85,True,13
47.332,45.486,9.566715240478516,10.502406120300293,-14.101398532091348,13.010306548033077,155.88016184191844,0.4276562866244812,1.1666283267499122,-5.731076836321591,-25.0,12.0,1673,1251,1586,85,True,13
47.382,45.536,9.566715240478516,10.556282043457031,-14.156696597385418,12.998240165090602,155.51570294780657,0.4775343300078811,1.2553056332395398,-5.783793516996219,-25.0,12.0,1675,1251,1587,85,True,13
47.433,45.571,9.691193580627441,10.591248512268066,-14.193147609438483,12.9925804995896,155.26967953390272,0.5038846128564085,1.312823296570452,-5.81790177416397,-25.0,12.0,1676,1251,1588,85,True,13
47.484,45.623,9.691193580627441,10.643343925476074,-14.24646491987325,12.986823503892925,154.89770743170382,0.5348416982175508,1.3918993847994514,-5.865925687991976,-25.0,12.0,1677,1251,1588,85,True,13
47.535,45.659,9.774801254272461,10.677712440490723,-14.281420974271727,12.984937517908357,154.6477771495947,0.5544344693777026,1.4465582937975958,-5.8914624846381844,-25.0,12.0,1679,1251,1589,85,True,13
47.586,45.715,9.774801254272461,10.727753639221191,-14.33380767143208,12.985017772631103,154.27014965076305,0.5618624068217972,1.5238783830796674,-5.929754659559392,-25.0,12.0,1680,1251,1590,85,True,13
47.637,45.752,9.866691589355469,10.760187149047852,-14.36939637210243,12.987176966182474,154.01590268909848,0.5651282511012683,1.5714338953409985,-5.957021201612906,-25.0,12.0,1681,1252,1590,85,True,13
47.688,45.809,9.866691589355469,10.807962417602539,-14.422873338209046,12.992230452394637,153.6323602464456,0.5660812759338967,1.630064666063211,-5.993641687734752,-25.0,12.0,1683,1252,1591,85,True,13
47.739,45.847,9.8954439163208,10.839238166809082,-14.458960642688808,12.997274547096692,153.3751353223029,0.56085660810566,1.6774811199419088,-6.012954047612963,-25.0,12.0,1684,1252,1592,85,True,13
47.789,45.906,9.8954439163208,10.8849458694458,-14.51502795803815,13.007544590287452,152.98689370950103,0.5124789118229885,1.7513258168752075,-6.053316196739508,-26.53999900817871,12.0,1697,1252,1598,85,True,13
47.841,45.946,9.971890449523926,10.914508819580078,-14.556968734636614,13.016136968263329,152.72477836991263,0.43553621717298674,1.7969905406752087,-6.0936403529387935,-26.53999900817871,12.0,1700,1252,1600,85,True,13
47.892,46.007,9.971890449523926,10.958569526672363,-14.628501305814156,13.031191558967683,152.32205675607034,0.2839265081662137,1.8611529108514855,-6.170722879703796,-28.299999237060547,12.0,1716,1253,1608,85,True,13
47.944,46.048,10.099265098571777,10.98690128326416,-14.682719347445717,13.04174676255629,152.053999151904,0.14849486260076955,1.89758193823316,-6.228864865013529,-28.299999237060547,12.0,1719,1253,1609,85,True,13
47.994,46.112,10.099265098571777,11.033377647399902,-14.776506382486456,13.057992367497166,151.64675595283117,-0.08017222686908076,1.9655414667011406,-6.3294620255435925,-29.920000076293945,12.0,1734,1253,1616,86,True,13
48.045,46.156,10.165773391723633,11.065047264099121,-14.84913861412037,13.06860989656195,151.37158129154972,-0.256187855966749,2.0115814240186696,-6.4031315921577034,-29.920000076293945,12.0,1737,1253,1618,86,True,13
48.097,46.221,10.165773391723633,11.113368034362793,-14.972654047523589,13.08628044971842,150.95269945013118,-0.5291672517602982,2.094592768426654,-6.517085187609727,-31.6299991607666,12.0,1751,1254,1625,86,True,13
48.150,46.266,10.295628547668457,11.145469665527344,-15.065703422133966,13.098803601561638,150.66900071276552,-0.7275740552262665,2.137790513275811,-6.595793726284016,-31.6299991607666,12.0,1754,1254,1627,86,True,13
48.200,46.336,10.295628547668457,11.196167945861816,-15.221383923886066,13.118085225588585,150.2370595496539,-1.0186633774389873,2.216896270139018,-6.709054484422105,-33.14999771118164,12.0,1767,1254,1633,87,True,13
48.251,46.383,10.372584342956543,11.230207443237305,-15.337056592574816,13.131509962402244,149.94435862296217,-1.2250401045318613,2.279978830096198,-6.789665657667065,-33.14999771118164,12.0,1770,1254,1635,87,True,13
48.304,46.455,10.372584342956543,11.281633377075195,-15.526835106210914,13.153838704572662,149.4984975343221,-1.530537283911901,2.3735391882338557,-6.904046993715861,-34.72999954223633,12.0,1783,1255,1641,87,True,13
48.354,46.504,10.392305374145508,11.315526008605957,-15.664596606675486,13.169736823639514,149.19669879565592,-1.7355156364939206,2.419223762271132,-6.977265767844751,-34.72999954223633,12.0,1786,1255,1643,87,True,13
48.404,46.579,10.392305374145508,11.368463516235352,-15.888129915189786,13.194528702779367,148.73689046073065,-2.03936919488322,2.5068345987548857,-7.087195528101991,-36.040000915527344,12.0,1796,1255,1648,88,True,13
48.456,46.63,10.50528621673584,11.403874397277832,-16.04909356826489,13.21186799176109,148.42543383457806,-2.2370374307843277,2.5719924690026916,-7.160613231490458,-36.04999923706055,12.0,1799,1255,1649,88,True,13
48.507,46.708,10.50528621673584,11.45746898651123,-16.305363973471064,13.24012960699931,147.95201976282615,-2.5045588651008024,2.672695284021479,-7.2494133746634395,-36.22999954223633,12.0,1802,1255,1651,89,True,13
48.557,46.762,10.577203750610352,11.492868423461914,-16.485008193926152,13.260607367904656,147.63261279647966,-2.659883129799004,2.734509136340329,-7.302331972805407,-36.22999954223633,12.0,1803,1256,1651,89,True,13
48.608,46.844,10.577203750610352,11.54616928100586,-16.76547795936168,13.292708403230069,147.1490490636211,-2.8541601767772007,2.816287845046538,-7.366674062334218,-36.41999816894531,12.0,1805,1256,1652,89,True,13
48.658,46.9,10.686965942382812,11.580697059631348,-16.96014347334892,13.317129744607449,146.82180104010746,-2.9736253080026014,2.8914397761539536,-7.398315767437949,-36.41999816894531,12.0,1806,1256,1653,89,True,13
48.708,46.985,10.686965942382812,11.632923126220703,-17.260844259106022,13.356187327602521,146.32670794792992,-3.127399333202622,2.9874997700844244,-7.4477782898598885,-36.599998474121094,12.0,1808,1256,1654,90,True,13
48.759,47.044,10.7577486038208,11.667529106140137,-17.466651519176846,13.38407584375733,145.99402309383692,-3.2188822466155385,3.0598613554724783,-7.477633046722015,-36.599998474121094,12.0,1809,1257,1654,90,True,13
48.810,47.133,10.7577486038208,11.717856407165527,-17.781987692777996,13.42754829027717,145.4916626803825,-3.332891764241391,3.1487985293156835,-7.514166874818766,-36.77000045776367,12.0,1810,1257,1654,90,True,13
48.861,47.193,10.870843887329102,11.750029563903809,-17.997150604464444,13.458142415116948,145.153172165495,-3.3990387312583796,3.1989999928284543,-7.534686470632777,-36.77000045776367,12.0,1810,1257,1655,90,True,13
48.912,47.345,10.980262756347656,11.828533172607422,-18.54741454966277,13.537671430265284,144.3000405570254,-3.5372243437817272,3.3511341322974375,-7.59023896047343,-36.93000030517578,12.0,1812,1258,1656,90,True,13
48.963,47.345,10.980262756347656,11.828533172607422,-18.54741454966277,13.537671430265284,144.3000405570254,-3.5372243437817272,3.3511341322974375,-7.59023896047343,-36.93000030517578,12.0,1812,1258,1656,90,True,13
49.013,47.503,11.03434944152832,11.90285873413086,-19.112201184583828,13.618995077618042,143.43630849496392,-3.6338574332722446,3.465236070920497,-7.654458960370828,-37.06999969482422,12.0,1813,1258,1656,90,True,13
49.064,47.503,11.03434944152832,11.90285873413086,-19.112201184583828,13.618995077618042,143.43630849496392,-3.6338574332722446,3.465236070920497,-7.654458960370828,-37.06999969482422,12.0,1813,1258,1656,90,True,13
49.116,47.665,11.126954078674316,11.9739990234375,-19.68898504678202,13.702447182670904,142.56104707358347,-3.6977124449358705,3.6046080019253113,-7.712675223987786,-37.20000076293945,12.0,1813,1259,1656,90,True,13
49.167,47.665,11.126954078674316,11.9739990234375,-19.68898504678202,13.702447182670904,142.56104707358347,-3.6977124449358705,3.6046080019253113,-7.712675223987786,-37.20000076293945,12.0,1813,1259,1656,90,True,13
49.218,47.831,11.161458015441895,12.041725158691406,-20.273802918991436,13.784918301804222,141.6752398401245,-3.724484225161382,3.7050075138562675,-7.781468035534508,-37.31999969482422,12.0,1814,1259,1656,90,True,13
49.269,47.831,11.161458015441895,12.041725158691406,-20.273802918991436,13.784918301804222,141.6752398401245,-3.724484225161382,3.7050075138562675,-7.781468035534508,-37.31999969482422,12.0,1814,1259,1656,90,True,13
49.319,48.0,11.205546379089355,12.106803894042969,-20.864759423717402,13.866986439776511,140.77706996426784,-3.737478660057331,3.8289848388021075,-7.85703724851153,-37.41999816894531,12.0,1814,1259,1657,90,True,13
49.370,48.0,11.205546379089355,12.106803894042969,-20.864759423717402,13.866986439776511,140.77706996426784,-3.737478660057331,3.8289848388021075,-7.85703724851153,-37.41999816894531,12.0,1814,1259,1657,90,True,13
49.422,48.172,11.307476043701172,12.16904354095459,-21.458839032441354,13.946878308724504,139.86661940828347,-3.714766146632923,3.9233609776587586,-7.942675867872442,-37.5,12.0,1814,1260,1657,90,True,13
49.474,48.277,11.307476043701172,12.205327033996582,-21.81607670905324,13.99306575543942,139.31353801005253,-3.6873484866440225,3.9906682230610033,-8.001323287180757,-37.56999969482422,12.0,1814,1260,1657,90,True,13
49.524,48.348,11.3788423538208,12.229195594787598,-22.053753631791345,14.02329788025319,138.94233088904068,-3.664973640696707,4.0370989952651035,-8.038409506826632,-37.57999801635742,12.0,1814,1260,1657,90,True,13
49.576,48.454,11.3788423538208,12.2642183303833,-22.40954843094106,14.067654836270545,138.3818045846144,-3.6258597086409825,4.101911940959824,-8.09336179379397,-37.63999938964844,12.0,1814,1260,1657,90,True,13
49.626,48.526,11.423047065734863,12.286972999572754,-22.64694873101778,14.096739489303753,138.00453225561958,-3.598176951934921,4.136663089683203,-8.12993233415751,-37.63999938964844,12.0,1814,1261,1657,90,True,13
49.677,48.634,11.423047065734863,12.320718765258789,-23.001768520663482,14.138144949826016,137.43537259208242,-3.554524145732312,4.183395670871253,-8.185022078681895,-37.689998626708984,12.0,1813,1261,1656,90,True,13
49.729,48.707,11.488992691040039,12.343019485473633,-23.237051462097494,14.164809154572099,137.05361965899206,-3.515627072182735,4.2238521619857075,-8.222051095493473,-37.689998626708984,12.0,1813,1261,1656,90,True,13
49.780,48.817,11.488992691040039,12.375787734985352,-23.58797121372712,14.203596945094956,136.47734293833975,-3.453634567728407,4.284826114480058,-8.279384557160206,-37.72999954223633,12.0,1813,1261,1656,90,True,13
49.832,48.891,11.546049118041992,12.397065162658691,-23.82156026824697,14.228950607294044,136.08942917461803,-3.415187006003582,4.328095789758912,-8.316350394721962,-37.72999954223633,12.0,1813,1261,1656,90,True,13
49.883,49.001,11.546049118041992,12.428704261779785,-24.169773557417972,14.265360638212089,135.50380875518115,-3.3510624153111523,4.3880281384048345,-8.379589408699816,-37.75,12.0,1812,1261,1656,90,True,13
49.933,49.077,11.657143592834473,12.450058937072754,-24.4049403856361,14.289014437081489,135.1026307640913,-3.298309449256559,4.424594409900145,-8.417260463293376,-37.7599983215332,12.0,1812,1261,1656,90,True,13
49.985,49.189,11.657143592834473,12.483428955078125,-24.748555249948392,14.320784208232157,134.50895072143376,-3.217893149846356,4.461436877170017,-8.482227515131244,-37.77000045776367,11.84000015258789,1812,1262,1656,90,True,13
50.037,49.264,11.742091178894043,12.5059175491333,-24.97684920031419,14.338756143485753,134.11035454185017,-3.169380877492694,4.492152237867564,-8.520892362249041,-37.77000045776367,11.84000015258789,1811,1263,1655,90,True,13
50.089,49.375,11.742091178894043,12.538938522338867,-25.315674394471014,14.362899154654455,133.50931155526737,-3.081672070483033,4.517278369389925,-8.580424291054872,-37.779998779296875,11.59999942779541,1810,1264,1655,90,True,13
50.140,49.45,11.776805877685547,12.560530662536621,-25.539147938830077,14.37680371225731,133.10661726218177,-3.023256877606499,4.537255818938566,-8.61660124176749,-37.790000915527344,11.59999942779541,1810,1264,1655,90,True,13
50.191,49.564,11.776805877685547,12.594108581542969,-25.870931207952616,14.39482687392968,132.4989899732391,-2.9281654898777005,4.5703032623508495,-8.674281335534602,-37.790000915527344,11.380000114440918,1809,1266,1654,90,True,13
50.243,49.639,11.815893173217773,12.616523742675781,-26.090373233154075,14.403989572701253,132.09136428357274,-2.865498290799422,4.584694044045244,-8.717093815025889,-37.790000915527344,11.380000114440918,1809,1266,1654,90,True,13
50.293,49.751,11.815893173217773,12.649359703063965,-26.415211907438007,14.415483073527092,131.47683850356836,-2.7714704915904416,4.616054430732534,-8.774775616340293,-37.790000915527344,11.15999984741211,1808,1267,1654,90,True,13
50.345,49.826,11.844717979431152,12.670807838439941,-26.628643366169857,14.421729281523069,131.0649507758599,-2.701557529019837,4.643019163802098,-8.812658406798121,-37.790000915527344,11.15999984741211,1808,1267,1654,90,True,13
50.397,49.939,11.844717979431152,12.703808784484863,-26.945065539849036,14.42856630088225,130.44330793874036,-2.6001426667800764,4.668716896780625,-8.870431561892675,-37.77000045776367,10.9399995803833,1807,1269,1653,90,True,13
50.448,50.014,11.868698120117188,12.725740432739258,-27.153801243526505,14.430690489714125,130.02651613520783,-2.5364867978194385,4.68492835077565,-8.908544871234993,-37.77000045776367,10.9399995803833,1807,1269,1653,90,True,13
50.500,50.127,11.868698120117188,12.758016586303711,-27.46191790717495,14.431851621873028,129.39822069383672,-2.43228628561537,4.716056937917983,-8.966259115947954,-37.75,10.719999313354492,1806,1270,1653,90,True,13
50.550,50.203,11.968517303466797,12.779085159301758,-27.66420932737051,14.431260810509821,128.97705756923537,-2.364686195852461,4.743285487044239,-9.008763383152942,-37.75,10.719999313354492,1805,1271,1652,90,True,13
50.602,50.316,11.968517303466797,12.81115436553955,-27.963424546983138,14.42784230083023,128.34197291982926,-2.2614948440982623,4.762611934187613,-9.061901401121997,-37.71999740600586,10.5,1805,1272,1652,90,True,13
50.653,50.391,12.003667831420898,12.832456588745117,-28.16067016492935,14.423505130707271,127.91620624772735,-2.1965578877814242,4.780176619411947,-9.100806158634388,-37.71999740600586,10.5,1804,1272,1652,90,True,13
50.703,50.504,12.003667831420898,12.86384105682373,-28.451250317883787,14.414914460278688,127.27461925823137,-2.090406929682494,4.80645705290404,-9.15735414854657,-37.68000030517578,10.309999465942383,1803,1273,1651,90,True,13
50.754,50.578,12.069583892822266,12.884469985961914,-28.641488161741567,14.407747884292052,126.8448774160325,-2.0160182722148274,4.8337103614660375,-9.192149693499553,-37.68000030517578,10.309999465942383,1803,1273,1651,90,True,13
50.805,50.689,12.069583892822266,12.914026260375977,-28.921408096948905,14.395103496591066,126.19734816195862,-1.9089454520213571,4.864466276411782,-9.243274513210746,-37.62999725341797,10.109999656677246,1802,1275,1651,90,True,13
50.856,50.763,12.055569648742676,12.932356834411621,-29.104733789366634,14.386673335607977,125.76304375339419,-1.8399633161685787,4.870645890063351,-9.282565176411245,-37.62999725341797,10.109999656677246,1801,1275,1650,90,True,13
50.908,50.873,12.055569648742676,12.959986686706543,-29.374420393650002,14.372203579851305,125.10882091393368,-1.7311478372414033,4.913029775184219,-9.332960873428537,-37.55999755859375,9.9399995803833,1800,1276,1650,90,True,13
50.960,50.946,12.082128524780273,12.978492736816406,-29.550625613857992,14.36105329603126,124.67097846737919,-1.657244870256748,4.9216383748593735,-9.365963493724392,-37.55999755859375,9.9399995803833,1800,1276,1650,90,True,13
51.010,51.128,12.148038864135742,13.022686004638672,-29.978998003128268,14.329146067323546,123.56962412409297,-1.476708242897913,4.969234548090608,-9.448269834543984,-37.47999954223633,9.75,1798,1277,1649,90,True,13
51.061,51.128,12.148038864135742,13.022686004638672,-29.978998003128268,14.329146067323546,123.56962412409297,-1.476708242897913,4.969234548090608,-9.448269834543984,-37.47999954223633,9.75,1798,1277,1649,90,True,13
51.112,51.237,12.148038864135742,13.048853874206543,-30.228262341793297,14.306997471392487,122.90444566120377,-1.3701458726231954,4.9885003773050975,-9.494288234076945,-37.38999938964844,9.569999694824219,1797,1278,1648,90,True,13
51.163,51.309,12.242107391357422,13.066521644592285,-30.39108722141723,14.290496588131383,122.45959544056083,-1.304978931030398,5.017107343983227,-9.521077089775382,-37.38999938964844,9.569999694824219,1797,1278,1648,90,True,13
51.213,51.486,12.290567398071289,13.109640121459961,-30.78695132533283,14.24405044800165,121.34102902056618,-1.1245272541493652,5.061662802373336,-9.602937760751631,-37.290000915527344,9.399999618530273,1795,1279,1647,90,True,13
51.265,51.486,12.290567398071289,13.109640121459961,-30.78695132533283,14.24405044800165,121.34102902056618,-1.1245272541493652,5.061662802373336,-9.602937760751631,-37.290000915527344,9.399999618530273,1795,1279,1647,90,True,13
51.317,51.66,12.360331535339355,13.153138160705566,-31.166761069604313,14.190143179977323,120.21410244902744,-0.9514763006774528,5.106405237191973,-9.672440911972034,-37.18000030517578,9.260000228881836,1793,1280,1646,90,True,13
51.368,51.66,12.360331535339355,13.153138160705566,-31.166761069604313,14.190143179977323,120.21410244902744,-0.9514763006774528,5.106405237191973,-9.672440911972034,-37.18000030517578,9.260000228881836,1793,1280,1646,90,True,13
51.419,51.834,12.38402271270752,13.196582794189453,-31.529806114558003,14.128479378376802,119.08050961285876,-0.7747137797218732,5.151313304097984,-9.737869855352525,-37.05999755859375,9.130000114440918,1791,1281,1645,90,True,13
51.469,51.834,12.38402271270752,13.196582794189453,-31.529806114558003,14.128479378376802,119.08050961285876,-0.7747137797218732,5.151313304097984,-9.737869855352525,-37.05999755859375,9.130000114440918,1791,1281,1645,90,True,13
51.519,52.007,12.390063285827637,13.24071216583252,-31.87604889415346,14.060967227299457,117.9393079459547,-0.5961993152441852,5.21244648537736,-9.798097609680052,-36.939998626708984,9.019999504089355,1790,1281,1644,90,True,13
51.570,52.109,12.390063285827637,13.267513275146484,-32.0755894556608,14.017201082645308,117.2518084248579,-0.49344536240113157,5.229342665836679,-9.829250956258125,-36.80999755859375,8.920000076293945,1788,1282,1644,90,True,13
51.623,52.176,12.472829818725586,13.285210609436035,-32.20563284236325,13.987234481435523,116.79189080690591,-0.4302840685055114,5.254993014377839,-9.851694104097142,-36.80999755859375,8.920000076293945,1788,1282,1644,90,True,13
51.674,52.275,12.472829818725586,13.31228256225586,-32.39556674280297,13.94044683184729,116.10010192701034,-0.33188636229032425,5.289920467359169,-9.883316172407008,-36.66999816894531,8.809999465942383,1786,1282,1643,90,True,13
51.726,52.34,12.465214729309082,13.33056640625,-32.518872147889205,13.9082262682114,115.63782106360554,-0.2656404108912235,5.311037704725556,-9.900850975553723,-36.66999816894531,8.809999465942383,1786,1282,1643,90,True,13
51.778,52.437,12.465214729309082,13.359475135803223,-32.69076410363633,13.859770344918392,114.94563603273811,0.11336619918340227,5.326383005356458,-9.807886124534326,-20.529998779296875,8.739999771118164,1697,1283,1598,90,True,13
51.830,52.501,12.460110664367676,13.379764556884766,-32.773569902038986,13.83231298445494,114.49187241522831,0.8338876572048075,5.341600666827247,-9.581948589432182,-20.529998779296875,8.739999771118164,1685,1283,1592,90,True,13
51.880,52.596,12.460110664367676,13.410600662231445,-32.8457479260931,13.799179736791208,113.82413946158952,1.7418938592399489,5.367715041345145,-9.298434267174123,-21.809999465942383,8.699999809265137,1685,1283,1592,90,True,13
51.934,52.659,12.489004135131836,13.431072235107422,-32.86765575785591,13.781215485500429,113.3852315055245,2.183167301913614,5.3823978136265564,-9.167810314392213,-21.809999465942383,8.699999809265137,1683,1283,1591,90,True,13
51.986,52.753,12.489004135131836,13.463815689086914,-32.873628758285086,13.757705974377245,112.73303040205833,2.6546010456930573,5.400467932849471,-9.040592064685203,-23.09000015258789,8.639999389648438,1688,1284,1594,90,True,13
52.038,52.816,12.587763786315918,13.486257553100586,-32.86624190869772,13.741577336425905,112.29151331373036,2.8606157727599206,5.390615384971728,-9.014249732603755,-23.09000015258789,8.639999389648438,1688,1284,1594,90,True,13
52.090,52.908,12.587763786315918,13.51819133758545,-32.84258554850738,13.7182778536197,111.64347179546873,3.076247406178162,5.397481859521706,-9.00846370860311,-24.369998931884766,8.539999961853027,1694,1285,1597,90,True,13
52.141,52.969,12.655244827270508,13.538797378540039,-32.82217694326738,13.702137262837313,111.21108667006106,3.148931291117676,5.390243566548786,-9.031063950793035,-24.369998931884766,8.539999961853027,1694,1285,1597,90,True,13
52.191,53.06,12.655244827270508,13.570677757263184,-32.78773912947217,13.676756279881547,110.56063409502241,3.2258795619768046,5.39920178653208,-9.081624426124055,-25.60999870300293,8.470000267028809,1701,1286,1600,90,True,13
52.243,53.12,12.689201354980469,13.5917387008667,-32.76480335423927,13.657964721927549,110.12527100713663,3.236590152369031,5.395834930158087,-9.133509958154056,-25.60999870300293,8.470000267028809,1701,1286,1600,90,True,13
52.295,53.21,12.689201354980469,13.622105598449707,-32.72997280456679,13.629263413261508,109.46925182792441,3.2342644729566414,5.404335100580168,-9.197986943918977,-26.829999923706055,8.389999389648438,1708,1287,1604,90,True,13
52.345,53.27,12.689637184143066,13.6416597366333,-32.707761029385914,13.609028124071699,109.02972915483409,3.209927014840005,5.4046219685253085,-9.251336697752299,-26.829999923706055,8.389999389648438,1708,1287,1604,90,True,13
52.397,53.359,12.689637184143066,13.671420097351074,-32.676895404526626,13.57736336707952,108.36670220153344,3.1673836874907,5.415178025887563,-9.32859382122796,-28.01999855041504,8.319999694824219,1715,1288,1607,90,True,13
52.450,53.419,12.755661964416504,13.691017150878906,-32.659311082508424,13.554781907909812,107.92246669791581,3.1197648892578402,5.413100794606233,-9.383176424206471,-28.010000228881836,8.319999694824219,1715,1288,1607,90,True,13
52.501,53.508,12.755661964416504,13.719430923461914,-32.63608843933038,13.520572051678156,107.25269834790437,3.046129260146168,5.427243128169567,-9.448848693076144,-29.17999839782715,8.229999542236328,1722,1289,1611,90,True,13
52.553,53.567,12.793440818786621,13.737703323364258,-32.62346966483879,13.496780795251711,106.80402322132623,2.9828505456937613,5.423329002888327,-9.505025291452206,-29.170000076293945,8.229999542236328,1722,1289,1611,90,True,13
52.605,53.656,12.793440818786621,13.765462875366211,-32.609211644946384,13.460357103955324,106.12782083311663,2.8897463161266135,5.4374324897507575,-9.571568409441054,-30.309999465942383,8.15999984741211,1728,1290,1614,90,True,13
52.656,53.715,12.806392669677734,13.783729553222656,-32.603908003055864,13.435056375722304,105.6752934798466,2.818758025648555,5.435537966029725,-9.606656798754702,-30.299999237060547,8.15999984741211,1729,1290,1614,90,True,13
52.707,53.805,12.806392669677734,13.810318946838379,-32.600837833023945,13.396779995613553,104.99365426105767,2.7092854611788835,5.45107750016515,-9.665462166187574,-31.420000076293945,8.09000015258789,1735,1291,1617,90,True,13
52.759,53.864,12.878636360168457,13.827542304992676,-32.6027605312753,13.370642569207208,104.53756837923007,2.6222603134164584,5.45517049102528,-9.69911621577552,-31.420000076293945,8.09000015258789,1736,1291,1618,90,True,13
52.811,53.954,12.878636360168457,13.851788520812988,-32.611206060184024,13.331191396561213,103.8506289336452,2.501921558307531,5.478863563482408,-9.749613511856715,-32.5099983215332,8.010000228881836,1742,1292,1621,90,True,13
52.862,54.014,12.954326629638672,13.866388320922852,-32.620163853280495,13.306046908905458,103.39022637226215,2.411523791199001,5.476324867545279,-9.784277575668177,-32.5099983215332,8.010000228881836,1743,1292,1621,90,True,13
52.913,54.164,13.00193977355957,13.902800559997559,-32.6577230635264,13.24186789014308,102.23371825142809,2.180756031693188,5.502883631246051,-9.860954986838033,-33.55999755859375,7.940000057220459,1749,1293,1624,90,True,13
52.963,54.164,13.00193977355957,13.902800559997559,-32.6577230635264,13.24186789014308,102.23371825142809,2.180756031693188,5.502883631246051,-9.860954986838033,-33.55999755859375,7.940000057220459,1749,1293,1624,90,True,13
53.014,54.314,13.05253791809082,13.936899185180664,-32.71832733203192,13.176461144877392,101.06993597912795,1.9332937957519833,5.528347430245504,-9.921721472336344,-34.59000015258789,7.889999866485596,1756,1293,1628,90,True,13
53.065,54.314,13.05253791809082,13.936899185180664,-32.71832733203192,13.176461144877392,101.06993597912795,1.9332937957519833,5.528347430245504,-9.921721472336344,-34.59000015258789,7.889999866485596,1756,1293,1628,90,True,13
53.117,54.464,13.039101600646973,13.970259666442871,-32.80386862119716,13.110079390107684,99.89878393271337,1.6751362306224789,5.550841804503295,-9.983097552218078,-35.599998474121094,7.839999675750732,1762,1294,1631,90,True,13
53.167,54.464,13.039101600646973,13.970259666442871,-32.80386862119716,13.110079390107684,99.89878393271337,1.6751362306224789,5.550841804503295,-9.983097552218078,-35.599998474121094,7.839999675750732,1762,1294,1631,90,True,13
53.218,54.614,13.068876266479492,14.002776145935059,-32.915467082046,13.040762361542162,98.72194233872018,1.4094577734431444,5.5971551828310355,-10.035946140921052,-36.59000015258789,7.789999961853027,1768,1294,1634,90,True,13
53.268,54.614,13.068876266479492,14.002776145935059,-32.915467082046,13.040762361542162,98.72194233872018,1.4094577734431444,5.5971551828310355,-10.035946140921052,-36.59000015258789,7.789999961853027,1768,1294,1634,90,True,13
53.319,54.762,13.07282543182373,14.035564422607422,-33.05361107310409,12.96881741769348,97.53912432920322,1.1419488255662464,5.617900601774481,-10.086081436976238,-37.55999755859375,7.739999771118164,1774,1295,1637,90,True,13
53.369,54.851,13.07282543182373,14.055449485778809,-33.149667438496564,12.92322248988906,96.82747325920126,0.9813963712235169,5.641841695475844,-10.113466226679758,-38.52000045776367,7.690000057220459,1780,1295,1640,90,True,13
53.421,54.911,13.114020347595215,14.06831169128418,-33.219007518950534,12.892702643356504,96.35134077215966,0.8676941053886088,5.665428046227191,-10.139042723800516,-38.52000045776367,7.690000057220459,1780,1295,1640,90,True,13
53.473,55.0,13.114020347595215,14.088205337524414,-33.33083820623116,12.84575533809642,95.63561890941237,0.7141274938237742,5.697007852741568,-10.164573970918024,-39.459999084472656,7.62999963760376,1785,1295,1642,90,True,13
53.525,55.059,13.154544830322266,14.101798057556152,-33.411191966721766,12.813733703720109,95.15737589391725,0.6013593630795712,5.716149031003706,-10.185761217723405,-39.459999084472656,7.62999963760376,1786,1295,1643,90,True,13
53.577,55.146,13.154544830322266,14.122279167175293,-33.53934339102413,12.763923695424145,94.43875803096186,0.4461739966814436,5.722919456018481,-10.214047592397366,-40.37999725341797,7.579999923706055,1791,1296,1645,90,True,13
53.629,55.204,13.21865177154541,14.135661125183105,-33.62976143525676,12.7298026316517,93.95850010966159,0.33918780783264146,5.7371480207200864,-10.234331546685011,-40.37999725341797,7.579999923706055,1792,1296,1646,90,True,13
53.681,55.291,13.21865177154541,14.15636920928955,-33.77333201161043,12.67728359957618,93.23634420871613,0.18001582543462138,5.770681261337088,-10.266278048980453,-41.290000915527344,7.539999961853027,1797,1296,1648,90,True,13
53.732,55.348,13.28268814086914,14.1705904006958,-33.87457249058294,12.641408884734334,92.75379134385474,0.07240475431804244,5.791015161383038,-10.283924696474827,-41.290000915527344,7.539999961853027,1797,1296,1648,90,True,13
53.784,55.434,13.28268814086914,14.18874454498291,-34.03363052087962,12.586256814733773,92.02854136721527,-0.07196226611555272,5.81332938940147,-10.307720221769506,-42.18000030517578,7.509999752044678,1802,1296,1651,89,True,13
53.836,55.491,13.327298164367676,14.199712753295898,-34.144204453352955,12.548298892195074,91.54400774749458,-0.16991595000372947,5.824733243994452,-10.328253477961857,-42.18000030517578,7.509999752044678,1803,1296,1651,89,True,13
53.888,55.576,13.327298164367676,14.212450981140137,-34.31679991858459,12.48908200586471,90.81638769521311,-0.3038266378390161,5.828870204197365,-10.35501586667726,-43.05999755859375,7.369999885559082,1807,1296,1653,88,True,13
53.939,55.632,13.312240600585938,14.219930648803711,-34.4359901346959,12.447609097224392,90.33080222636022,-0.3887409903436426,5.828039055552739,-10.374559599213605,-43.04999923706055,7.369999885559082,1808,1296,1654,88,True,13
53.990,55.716,13.312240600585938,14.228690147399902,-34.62038816681331,12.382060625533425,89.6014882871646,-0.5040371181739702,5.806681054018109,-10.415496338004075,-43.89999771118164,7.179999828338623,1812,1297,1656,87,True,13
54.041,55.77,13.332633018493652,14.233773231506348,-34.74631977963543,12.335700716541965,89.11489195031456,-0.580987416745509,5.798502329373842,-10.437828495269079,-43.88999938964844,7.179999828338623,1813,1297,1656,87,True,13
54.092,55.852,13.332633018493652,14.252017974853516,-34.94357905795998,12.262875532063996,88.37288751964105,-0.7038032893673297,5.836535383993412,-10.478292243459526,-44.72999954223633,7.069999694824219,1817,1297,1658,90,True,13
54.144,55.906,13.34130573272705,14.26901626586914,-35.07817818083883,12.214400825750769,87.88277363536844,-0.8001904920477265,5.8814438777862454,-10.511276080735165,-44.71999740600586,7.069999694824219,1818,1297,1659,90,True,13
54.197,55.984,13.34130573272705,14.298081398010254,-35.28804598837123,12.140358160053246,87.14471022384603,-0.93939775146052,5.9742418160578,-10.554139786645225,-45.56999969482422,7.539999961853027,1822,1294,1661,90,True,13
54.247,56.037,13.408063888549805,14.318390846252441,-35.43416081019073,12.090239085697338,86.65106513177254,-1.030929116527861,6.03937962262492,-10.580360882868904,-45.55999755859375,7.539999961853027,1823,1294,1661,90,True,13
54.299,56.115,13.408063888549805,14.348773956298828,-35.65972097734123,12.014553759504427,85.90745560664408,-1.1618778234604628,6.114629524258243,-10.617239635518741,-46.40999984741211,7.799999713897705,1827,1292,1663,90,True,13
54.350,56.166,13.435961723327637,14.368950843811035,-35.81455453563625,11.963949741717448,85.40928209915086,-1.2489138568368774,6.165627131696143,-10.64503509034611,-46.40999984741211,7.799999713897705,1828,1291,1664,90,True,13
54.402,56.242,13.435961723327637,14.401629447937012,-36.05355993016792,11.886576505025898,84.6594775924452,-1.3764720151768024,6.237833330280579,-10.680173852304886,-47.23999786376953,7.940000057220459,1832,1290,1666,90,True,13
54.452,56.292,13.489194869995117,14.423967361450195,-36.217771338193366,11.833657906883932,84.15821683944714,-1.4593454751409176,6.281555505591946,-10.704199896484052,-47.22999954223633,7.940000057220459,1832,1289,1666,90,True,13
54.504,56.366,13.489194869995117,14.457172393798828,-36.46905399775814,11.753684929439546,83.40305063424302,-1.5751941279225021,6.353414645189181,-10.740056682079326,-48.04999923706055,8.09000015258789,1837,1288,1668,90,True,13
54.556,56.416,13.56336784362793,14.479126930236816,-36.64049857611463,11.69975460952677,82.89716584317685,-1.6634178671625586,6.389487008630134,-10.767866651058679,-48.03999710083008,8.09000015258789,1837,1287,1668,90,True,13
54.607,56.489,13.56336784362793,14.51030445098877,-36.90259001004094,11.617506325315123,82.13596175074643,-1.7682876311835822,6.445643116438686,-10.799678257118014,-48.849998474121094,8.25,1841,1286,1670,89,True,13
54.658,56.537,13.587779998779297,14.53030776977539,-37.08099796625626,11.560971142007634,81.62703069531045,-1.8383740165260813,6.47882716363437,-10.824683579669431,-48.849998474121094,8.25,1841,1285,1670,89,True,13
54.709,56.607,13.587779998779297,14.554534912109375,-37.35202328761695,11.474290918798296,80.86113426292023,-1.9278847128161563,6.507204038314835,-10.862330728600895,-49.62999725341797,8.300000190734863,1845,1284,1672,87,True,13
54.761,56.652,13.64962387084961,14.5689058303833,-37.534850376225265,11.414627508850941,80.34899984876351,-1.9858685365579216,6.529844407866134,-10.88662571147863,-49.619998931884766,8.300000190734863,1845,1284,1672,87,True,13
54.812,56.762,13.702709197998047,14.6019287109375,-37.9987192586121,11.25790198815583,79.06437786966751,-2.1097463968739736,6.5573068909714625,-10.958989858187623,-50.369998931884766,8.260000228881836,1849,1282,1674,87,True,13
54.862,56.762,13.702709197998047,14.6019287109375,-37.9987192586121,11.25790198815583,79.06437786966751,-2.1097463968739736,6.5573068909714625,-10.958989858187623,-50.369998931884766,8.260000228881836,1849,1282,1674,87,True,13
54.914,56.865,13.722038269042969,14.619946479797363,-38.46864993388731,11.088649900522913,77.7737453241019,-2.1828078632085424,6.566518254840871,-11.029475702874862,-51.099998474121094,8.359999656677246,1853,1280,1676,85,True,13
54.964,56.865,13.722038269042969,14.619946479797363,-38.46864993388731,11.088649900522913,77.7737453241019,-2.1828078632085424,6.566518254840871,-11.029475702874862,-51.099998474121094,8.359999656677246,1853,1280,1676,85,True,13
55.015,56.961,13.736421585083008,14.620457649230957,-38.93737166567944,10.906539128003802,76.47553126855757,-2.2241196220731294,6.559688919444505,-11.117695279968393,-51.79999923706055,8.359999656677246,1857,1278,1678,83,True,13
55.065,56.961,13.736421585083008,14.620457649230957,-38.93737166567944,10.906539128003802,76.47553126855757,-2.2241196220731294,6.559688919444505,-11.117695279968393,-51.79999923706055,8.359999656677246,1857,1278,1678,83,True,13
55.117,57.05,13.688207626342773,14.613085746765137,-39.40125420844461,10.710645887513252,75.16844479728141,-2.240924235308888,6.559591589248832,-11.222367928998837,-52.459999084472656,8.389999389648438,1861,1276,1680,82,True,13
55.167,57.05,13.688207626342773,14.613085746765137,-39.40125420844461,10.710645887513252,75.16844479728141,-2.240924235308888,6.559591589248832,-11.222367928998837,-52.459999084472656,8.389999389648438,1861,1276,1680,82,True,13
55.217,57.128,13.67623519897461,14.600038528442383,-39.86010973198065,10.500714900731031,73.85204194797734,-2.2374687999190965,6.595447521070461,-11.333893819087745,-53.099998474121094,8.59999942779541,1864,1273,1682,81,True,13
55.270,57.171,13.67623519897461,14.59205436706543,-40.13262744967499,10.369017754475784,73.05678253234525,-2.229180151917874,6.6433467839461136,-11.397584479324468,-53.71999740600586,8.889999389648438,1868,1270,1684,81,True,13
55.320,57.197,13.690191268920898,14.587533950805664,-40.31408508535472,10.278650082888285,72.5243351355969,-2.23086891619016,6.666894287996556,-11.446879662111742,-53.71999740600586,8.889999389648438,1868,1269,1684,81,True,13
55.372,57.234,13.690191268920898,14.580618858337402,-40.585533878443954,10.138971006814232,71.72280560630674,-2.227048279123184,6.717623383622709,-11.52214663921799,-54.32999801635742,9.309999465942383,1872,1265,1685,81,True,13
55.423,57.257,13.654637336730957,14.57579231262207,-40.76496636303477,10.044208108495829,71.18476428462814,-2.2296830245955164,6.7626505519523725,-11.571261675765905,-54.31999969482422,9.309999465942383,1872,1264,1686,81,True,13
55.475,57.289,13.654637336730957,14.570257186889648,-41.0337513823477,9.898461263117865,70.37437599998448,-2.229550476236936,6.835540196340633,-11.646730997226316,-54.91999816894531,9.800000190734863,1875,1259,1687,81,True,13
55.526,57.308,13.645683288574219,14.567670822143555,-41.21283894238543,9.799777836215874,69.83121886661756,-2.225285449987086,6.888166803895581,-11.696487217782567,-54.90999984741211,9.800000190734863,1876,1258,1688,81,True,13
55.576,57.333,13.645683288574219,14.564878463745117,-41.480988754105546,9.64859928290046,69.01254556251065,-2.228429257995996,6.986245759056025,-11.772282680775843,-55.5,10.369999885559082,1879,1253,1689,81,True,13
55.627,57.348,13.619905471801758,14.563353538513184,-41.65856342724213,9.546632242554985,68.46257190035206,-2.230755150851797,7.039277909092943,-11.818822736006664,-55.48999786376953,10.369999885559082,1880,1251,1690,81,True,13
55.679,57.366,13.619905471801758,14.56360912322998,-41.92432267275274,9.391245438937194,67.63325716151829,-2.2261456269356845,7.147351992330055,-11.891809283703774,-56.06999969482422,11.010000228881836,1883,1246,1691,81,True,13
55.730,57.376,13.621122360229492,14.565107345581055,-42.10151144020121,9.286725615389429,67.07689727248572,-2.2334449647243124,7.21489018350361,-11.94019092868956,-56.05999755859375,11.010000228881836,1883,1244,1691,81,True,13
55.781,57.387,13.621122360229492,14.569367408752441,-42.36691551587498,9.128104717199637,66.23739872159946,-2.237010750357882,7.341883036968011,-12.00856282982868,-56.62999725341797,11.729999542236328,1887,1238,1693,81,True,13
55.832,57.392,13.670910835266113,14.572823524475098,-42.54303194362376,9.021823558619653,65.6727947942387,-2.251153083921217,7.4254521090104095,-12.063194097905026,-56.619998931884766,11.729999542236328,1887,1236,1693,81,True,13
55.883,57.397,13.670910835266113,14.591185569763184,-42.807797396610134,8.861201415003048,64.82031205374022,-2.284088896429253,7.574840298989636,-12.135506164421598,-57.18000030517578,12.0,1890,1232,1695,87,True,13
55.935,57.398,13.719377517700195,14.6244535446167,-42.987264032146804,8.755788544221303,64.24516231430097,-2.356260517181016,7.753552198623019,-12.195785998941545,-57.16999816894531,12.0,1891,1231,1695,90,True,13
55.986,57.399,13.719377517700195,14.681785583496094,-43.26289631610267,8.599900575473164,63.37298130823619,-2.482681342302428,7.969420327341273,-12.268267112640075,-57.77000045776367,12.0,1894,1228,1697,90,True,13
56.037,57.398,13.711686134338379,14.71994400024414,-43.44971565028085,8.496757035043155,62.786240737775415,-2.5646064731889693,8.086241321584232,-12.300092379077748,-57.7599983215332,12.0,1894,1227,1697,90,True,13
56.090,57.395,13.711686134338379,14.777592658996582,-43.734551614143314,8.342442571125057,61.90055644772152,-2.667890032496963,8.244052842357377,-12.339394141335648,-58.37999725341797,12.0,1897,1225,1698,90,True,13
56.141,57.392,13.76876449584961,14.816291809082031,-43.92772985443878,8.240002540179558,61.30673297109144,-2.744662852871788,8.33388690541597,-12.358197652120694,-58.369998931884766,12.0,1898,1223,1699,90,True,13
56.193,57.386,13.76876449584961,14.878596305847168,-44.22762638542112,8.083595477054498,60.400114151231456,-2.862813386125372,8.485716888023475,-12.390428461040337,-58.96999740600586,12.0,1900,1221,1700,90,True,13
56.243,57.38,13.807348251342773,14.920534133911133,-44.42921600367946,7.979894422433487,59.80282776869218,-2.9313078037827296,8.568741252479565,-12.40263400908715,-58.959999084472656,12.0,1899,1219,1699,90,True,13
56.295,57.369,13.807348251342773,14.983369827270508,-44.73503772376678,7.825179538675298,58.90302547762387,-3.016996155458536,8.714791187501948,-12.40707533959495,-59.55999755859375,12.0,1900,1217,1700,90,True,13
56.347,57.361,13.86474895477295,15.025199890136719,-44.94069130458128,7.722084663343125,58.30065743434211,-3.0668601649376255,8.790391136330234,-12.414866877890644,-59.54999923706055,12.0,1900,1215,1700,90,True,13
56.397,57.346,13.86474895477295,15.090177536010742,-45.25226404394975,7.567539680540539,57.39416155788719,-3.142223191579077,8.930493684132829,-12.418153906428712,-60.12999725341797,12.0,1900,1213,1700,90,True,13
56.450,57.335,13.921249389648438,15.13398265838623,-45.46188596467203,7.464142569337593,56.78866870306014,-3.182499963340996,9.002598283653361,-12.415146915646613,-60.119998931884766,12.0,1900,1211,1700,90,True,13
56.501,57.316,13.921249389648438,15.19931697845459,-45.77757047792085,7.309689794088802,55.875974429933436,-3.2467097179546394,9.138866534010639,-12.415320231696803,-60.689998626708984,12.0,1900,1209,1700,90,True,13
56.553,57.302,14.048504829406738,15.242698669433594,-45.988613077990486,7.206968017840042,55.264904725649075,-3.2856908882083715,9.212941643106719,-12.416363543092523,-60.68000030517578,12.0,1900,1207,1700,90,True,13
56.605,57.279,14.048504829406738,15.309328079223633,-46.306582289516676,7.053296018590748,54.344646018016576,-3.343789117618735,9.349321737811657,-12.412840873028088,-61.22999954223633,12.0,1900,1205,1700,90,True,13
56.655,57.262,14.125593185424805,15.35403060913086,-46.5195646633106,6.950560581963647,53.72946795494645,-3.381845010683342,9.421887375101164,-12.41071753796986,-61.22999954223633,12.0,1900,1203,1700,90,True,13
56.707,57.236,14.125593185424805,15.420576095581055,-46.83962732781739,6.797091780842162,52.801993152455836,-3.4402217837457947,9.557895224496336,-12.408994622751724,-61.77000045776367,12.0,1900,1201,1700,90,True,13
56.760,57.216,14.19060230255127,15.464694023132324,-47.053340531852506,6.694993686241988,52.18080793801069,-3.4754352508986184,9.630484767447939,-12.40855834441849,-61.7599983215332,12.0,1899,1199,1699,90,True,13
56.811,57.185,14.19060230255127,15.531943321228027,-47.374236479438046,6.542102889879015,51.24537255004242,-3.52068760202748,9.753761144230207,-12.404759905466317,-62.28999710083008,12.0,1900,1197,1700,90,True,13
56.863,57.162,14.29928970336914,15.576857566833496,-47.589151796767084,6.439736710353918,50.61971356169091,-3.562125505948301,9.83529055103171,-12.406606617863158,-62.279998779296875,12.0,1899,1195,1699,90,True,13
56.914,57.1,14.369775772094727,15.688202857971191,-48.12725800524278,6.184523276921806,49.04500320326071,-3.648852259821361,10.042880490475907,-12.403559499719687,-62.78999710083008,12.0,1900,1191,1700,90,True,13
56.965,57.1,14.369775772094727,15.688202857971191,-48.12725800524278,6.184523276921806,49.04500320326071,-3.648852259821361,10.042880490475907,-12.403559499719687,-62.78999710083008,12.0,1900,1191,1700,90,True,13
57.017,57.032,14.51612663269043,15.794486045837402,-48.66438749666717,5.930622093583984,47.452469466191374,-3.734886176380488,10.250881095043951,-12.406154971604291,-63.279998779296875,12.0,1899,1187,1699,90,True,13
57.068,57.032,14.51612663269043,15.794486045837402,-48.66438749666717,5.930622093583984,47.452469466191374,-3.734886176380488,10.250881095043951,-12.406154971604291,-63.279998779296875,12.0,1899,1187,1699,90,True,13
57.119,56.958,14.640000343322754,15.898812294006348,-49.199143497354974,5.678238492902373,45.840688256040934,-3.8219625505616883,10.457930595770073,-12.40285940532976,-63.7599983215332,12.0,1899,1183,1699,90,True,13
57.169,56.958,14.640000343322754,15.898812294006348,-49.199143497354974,5.678238492902373,45.840688256040934,-3.8219625505616883,10.457930595770073,-12.40285940532976,-63.7599983215332,12.0,1899,1183,1699,90,True,13
57.220,56.877,14.696398735046387,16.000608444213867,-49.734254667879625,5.426125538466624,44.212664856044206,-3.908627405845395,10.669149926984485,-12.408017905700413,-64.20999908447266,12.0,1899,1180,1699,90,True,13
57.271,56.877,14.696398735046387,16.000608444213867,-49.734254667879625,5.426125538466624,44.212664856044206,-3.908627405845395,10.669149926984485,-12.408017905700413,-64.20999908447266,12.0,1899,1180,1699,90,True,13
57.323,56.786,14.840944290161133,16.10210609436035,-50.27012057430756,5.172849317437858,42.57060883239768,-3.991916440131823,10.866503120410126,-12.40070704196756,-64.6500015258789,12.0,1899,1176,1699,90,True,13
57.374,56.728,14.840944290161133,16.1627254486084,-50.59387154096617,5.019747212097437,41.58050119521805,-4.039759780833647,10.99165267657227,-12.395911395396565,-64.75,12.0,1899,1174,1699,90,True,13
57.426,56.687,14.924790382385254,16.20220375061035,-50.80857512243093,4.917632468911161,40.91628578900182,-4.070360735862597,11.064715210123897,-12.397215961528037,-64.76000213623047,12.0,1899,1172,1699,90,True,13
57.478,56.622,14.924790382385254,16.262126922607422,-51.1323807306029,4.763992486173602,39.916728585105474,-4.122847324539559,11.211415720664723,-12.39417225847915,-64.7699966430664,12.0,1898,1170,1699,90,True,13
57.529,56.577,15.040940284729004,16.302549362182617,-51.34913336881866,4.66079515800388,39.24848678237352,-4.148637265071881,11.281925471014057,-12.393392763140122,-64.77999877929688,12.0,1898,1168,1699,90,True,13
57.580,56.508,15.040940284729004,16.362869262695312,-51.674988033741634,4.505155637386799,38.24301804975053,-4.189000694858895,11.411609419011443,-12.389707876082902,-64.79000091552734,12.0,1897,1166,1698,90,True,13
57.632,56.46,15.175159454345703,16.402427673339844,-51.8910132568108,4.4009423185780365,37.56939747304719,-4.213611573985743,11.484698419546103,-12.386498540946642,-64.79999542236328,12.0,1897,1164,1698,90,True,13
57.684,56.385,15.175159454345703,16.462505340576172,-52.21570678957487,4.244095562025156,36.556203796472914,-4.247916625978955,11.613491027856801,-12.374661823115009,-64.81999969482422,12.0,1896,1162,1698,90,True,13
57.736,56.333,15.276185989379883,16.503034591674805,-52.432339899480155,4.138643417655683,35.879239842170854,-4.264237789887524,11.68584492928204,-12.370854846426374,-64.83000183105469,12.0,1896,1160,1698,90,True,13
57.787,56.252,15.276185989379883,16.563575744628906,-52.75759692285075,3.979558066602331,34.86039759915298,-4.294018268442426,11.813940858297398,-12.366844671609929,-64.83999633789062,12.0,1895,1158,1697,90,True,13
57.838,56.196,15.372053146362305,16.603389739990234,-52.972904976057066,3.8730967617829886,34.17809243691997,-4.316359390330715,11.887723123032814,-12.352191354519313,-64.8499984741211,12.0,1895,1156,1697,90,True,13
57.890,56.109,15.372053146362305,16.663835525512695,-53.296369074770524,3.7128797337615302,33.151330589559464,-4.34890865682041,12.019268297579028,-12.340692731051597,-64.86000061035156,12.0,1894,1154,1697,90,True,13
57.941,56.049,15.46451187133789,16.70453453063965,-53.511796656287316,3.6051864335706467,32.46510148364828,-4.365699396234417,12.092316316978668,-12.336952348707369,-64.8699951171875,12.0,1893,1152,1696,90,True,13
57.992,55.956,15.46451187133789,16.765480041503906,-53.834768981380535,3.4431013488111897,31.43249640945283,-4.393116629336494,12.220212462960804,-12.323124630732678,-64.87999725341797,12.0,1892,1150,1696,90,True,13
58.043,55.893,15.542595863342285,16.80559539794922,-54.04834899672684,3.3344981393568136,30.740915850326942,-4.408968217739624,12.295362473077516,-12.31598793682366,-64.87999725341797,12.0,1892,1148,1696,90,True,13
58.093,55.795,15.542595863342285,16.86639976501465,-54.368520944260354,3.1712918363564166,29.699875492506525,-4.433789125183451,12.438485672040548,-12.294219270165184,-64.9000015258789,12.0,1890,1146,1695,90,True,13
58.145,55.727,15.653239250183105,16.907352447509766,-54.58126767652791,3.0619321834514617,29.004145593459857,-4.434283460124631,12.504817907938772,-12.283965448673703,-64.9000015258789,12.0,1889,1144,1694,90,True,13
58.195,55.623,15.653239250183105,16.96864891052246,-54.89876218990678,2.8974597341336734,27.95724664087886,-4.439679309568941,12.643057521645245,-12.267141838974315,-64.90999603271484,12.0,1887,1141,1693,90,True,13
58.246,55.552,15.773180961608887,17.0090389251709,-55.10801528041388,2.788108618965181,27.255504467815285,-4.439066726977755,12.739688476701646,-12.249285163162963,-64.91999816894531,12.0,1886,1139,1693,90,True,13
58.297,55.44,15.773180961608887,17.071117401123047,-55.42395251066199,2.6214242555733667,26.185464834326286,-4.426908563368309,12.850067748783639,-12.221663878159431,-64.93000030517578,12.0,1884,1137,1692,90,True,13
58.348,55.363,15.848885536193848,17.112211227416992,-55.63031643115017,2.51161231607931,25.480053142131126,-4.427308129434755,12.935705514370904,-12.203077225880534,-64.93000030517578,12.0,1883,1135,1691,90,True,13
58.399,55.245,15.848885536193848,17.177520751953125,-55.93910245333728,2.3462722192935184,24.42009828295165,-4.424708388681919,13.067564877618938,-12.180826177111925,-64.93999481201172,12.0,1881,1133,1690,90,True,13
58.450,55.165,15.929987907409668,17.221975326538086,-56.14514535493446,2.23483213345606,23.714240920913145,-4.412871243963464,13.148488105131603,-12.162065355009192,-64.94999694824219,12.0,1880,1131,1690,90,True,13
58.501,55.041,15.929987907409668,17.288270950317383,-56.45193696188393,2.0676165094128653,22.651878420051236,-4.404859432067039,13.288807511440346,-12.138313372170472,-64.94999694824219,12.0,1879,1128,1689,90,True,13
58.552,54.957,16.038280487060547,17.332275390625,-56.655018976475915,1.9560270131873128,21.94127749163416,-4.406414580763686,13.371451092850208,-12.120652210524112,-64.95999908447266,12.0,1878,1126,1688,90,True,13
58.603,54.827,16.038280487060547,17.400381088256836,-56.95785931899053,1.78815537081868,20.873102499788573,-4.398765622666918,13.495773342349134,-12.091759656561312,-64.95999908447266,12.0,1876,1124,1688,90,True,13
58.654,54.739,16.17403221130371,17.44610023498535,-57.158704446629336,1.675554152822319,20.159788278723706,-4.388240728042752,13.58760865083454,-12.077525542331006,-64.97000122070312,12.0,1875,1122,1687,90,True,13
58.705,54.604,16.17403221130371,17.514102935791016,-57.456446052928534,1.5069055764355972,19.08497092791028,-4.37954376279521,13.716099023274467,-12.051220776289995,-64.97000122070312,12.0,1873,1120,1686,90,True,13
58.756,54.511,16.31129264831543,17.559097290039062,-57.65260225570213,1.394244914449116,18.36582714038881,-4.376043290845578,13.79125074093847,-12.031805109800587,-64.97999572753906,12.0,1872,1118,1686,90,True,13
58.808,54.369,16.31129264831543,17.627662658691406,-57.944066918154085,1.225243409381375,17.282320081403835,-4.372654236356783,13.932788482240413,-12.008914584570935,-64.97999572753906,12.0,1871,1116,1685,90,True,13
58.859,54.273,16.411989212036133,17.673463821411133,-58.13671923388346,1.1122498823945615,16.557906802937698,-4.370119809287885,13.999837034227843,-11.989525385064562,-64.97999572753906,12.0,1870,1114,1685,90,True,13
58.910,54.125,16.411989212036133,17.741477966308594,-58.42200257513655,0.9429624698770319,15.46588249805772,-4.368077155839227,14.142459921834172,-11.963771303025382,-64.98999786376953,12.0,1868,1112,1684,90,True,13
58.962,54.024,16.549217224121094,17.78647232055664,-58.61001036223033,0.830012645428736,14.73478929458331,-4.367639596845524,14.209348818149753,-11.949672085031183,-64.98999786376953,12.0,1867,1110,1683,90,True,13
59.014,53.764,16.617063522338867,17.90001678466797,-59.072721527552844,0.5464104912068186,12.898849813609516,-4.361771610574837,14.371336145826714,-11.904344388378039,-64.98999786376953,12.0,1865,1108,1682,90,True,13
59.066,53.764,16.617063522338867,17.90001678466797,-59.072721527552844,0.5464104912068186,12.898849813609516,-4.361771610574837,14.371336145826714,-11.904344388378039,-64.98999786376953,12.0,1865,1108,1682,90,True,13
59.117,53.493,16.70578956604004,18.012409210205078,-59.525317182714566,0.2605080306580614,11.052700053600198,-4.364187363106906,14.522689722739612,-11.859661290827816,-64.98999786376953,12.0,1863,1106,1681,90,True,13
59.170,53.325,16.70578956604004,18.07712745666504,-59.79213852264111,0.08777980362443204,9.939893190623163,-4.374483019507053,14.605015700353068,-11.833143935148888,-64.98999786376953,12.0,1861,1105,1680,90,True,13
59.221,53.211,16.833635330200195,18.117719650268555,-59.964177327455396,-0.026311015930906432,9.19004599523519,-4.379460946751523,14.675904526201338,-11.813967325280432,-64.98999786376953,12.0,1860,1104,1680,90,True,13
59.273,53.036,16.833635330200195,18.179059982299805,-60.2194829684413,-0.1979873338013943,8.06182254152779,-4.390432364992679,14.76076450399687,-11.793200135109007,-64.98999786376953,12.0,1859,1103,1679,90,True,13
59.325,52.916,16.92755126953125,18.22020721435547,-60.388072527724724,-0.31275764378733667,7.307796124141416,-4.396453603632869,14.827577414457933,-11.773410515762542,-64.98999786376953,12.0,1858,1102,1679,90,True,13
59.376,52.734,16.92755126953125,18.280445098876953,-60.63869948912917,-0.48541754224883943,6.173780243131023,-4.409112078599018,14.9116092318166,-11.748332622451194,-64.98999786376953,12.0,1857,1101,1678,90,True,13
59.427,52.611,17.040184020996094,18.318674087524414,-60.801333123456345,-0.599764140382403,5.411590895912837,-4.417249395221442,14.980150180137679,-11.728291139879083,-64.98999786376953,12.0,1856,1100,1678,90,True,13
59.478,52.424,17.040184020996094,18.37704849243164,-61.04418049939615,-0.7721366639706627,4.266826431582959,-4.432835886907411,15.057416695123447,-11.703860406991595,-64.98999786376953,12.0,1855,1100,1677,90,True,13
59.529,52.296,17.140743255615234,18.41648292541504,-61.20512707699833,-0.8878717648572958,3.5036887552871994,-4.439320724637515,15.10470550984203,-11.681113315734514,-64.98999786376953,12.0,1854,1101,1677,90,True,13
59.581,52.102,17.140743255615234,18.474824905395508,-61.44594588675464,-1.063487987971077,2.359164414795329,-4.462967693317745,15.160310079875105,-11.658059719738427,-64.97999572753906,12.0,1853,1101,1676,90,True,13
59.632,51.971,17.29323959350586,18.512317657470703,-61.60335442636676,-1.1807111096014207,1.5923988408332352,-4.484222388241179,15.185098543920374,-11.635278477535497,-64.97999572753906,12.0,1852,1100,1676,90,True,13
59.684,51.77,17.29323959350586,18.569700241088867,-61.83891399046215,-1.358221429549411,0.4425569846290987,-4.501628698454133,15.246261180390546,-11.612116452286337,-64.97999572753906,12.0,1851,1100,1675,90,True,13
59.736,51.634,17.387975692749023,18.6086368560791,-61.995612190400585,-1.4777199646687211,-0.3236346933601555,-4.519234791700311,15.298034014299242,-11.594864248216531,-64.97000122070312,12.0,1851,1100,1675,90,True,13
59.787,51.426,17.387975692749023,18.66652488708496,-62.230297490282226,-1.6586557312071786,-1.4727892084182066,-4.543585269865052,15.344033630811985,-11.571904567321534,-64.97000122070312,12.0,1849,1101,1674,90,True,13
59.839,51.287,17.489845275878906,18.70406723022461,-62.38385380320245,-1.7799081308393012,-2.241617286066233,-4.558618089341427,15.38257126565649,-11.548982452466971,-64.95999908447266,12.0,1849,1100,1674,90,True,13
59.890,51.073,17.489845275878906,18.761510848999023,-62.61394921596184,-1.9628279606099415,-3.3952296201356282,-4.592612794614227,15.450130374284377,-11.52218335148478,-64.95999908447266,12.0,1848,1100,1674,90,True,13
59.941,50.929,17.640722274780273,18.800504684448242,-62.76701375526183,-2.0860464942276757,-4.1637729642726296,-4.609278029302235,15.485529537205261,-11.501242845263166,-64.94999694824219,12.0,1847,1100,1673,90,True,13
59.993,50.709,17.640722274780273,18.858678817749023,-62.995811432078916,-2.2720101337689087,-5.31700771694697,-4.633321148954326,15.565318099542058,-11.46894202690453,-64.63999938964844,12.0,1845,1101,1672,90,True,13
60.045,50.561,17.733304977416992,18.896682739257812,-63.14524231074045,-2.3960218231040105,-6.088503196909298,-4.638170156378212,15.59070932778158,-11.437090293483822,-64.63999938964844,12.0,1844,1100,1672,90,True,13
60.095,50.336,17.733304977416992,18.95486068725586,-63.36718930782002,-2.5828195994976313,-7.245873629126081,-4.622477369873285,15.654320587069202,-11.39383470547013,-62.97999954223633,12.0,1838,1100,1669,90,True,13
60.146,50.183,17.84686851501465,18.994415283203125,-63.51181856349504,-2.707400969298195,-8.016519604310389,-4.577614126083702,15.69008345756339,-11.347097428527025,-62.97999954223633,12.0,1836,1100,1668,90,True,13
60.197,49.949,17.84686851501465,19.053674697875977,-63.72216106917475,-2.89357250272229,-9.172297748676913,-4.475535241390569,15.751153886479765,-11.26902153612461,-60.89999771118164,12.0,1828,1100,1664,90,True,13
60.249,49.791,17.950336456298828,19.09256362915039,-63.85425009753363,-3.01589457401146,-9.945004733443271,-4.374329340250728,15.804951871477371,-11.207984404380438,-60.89999771118164,12.0,1826,1100,1663,90,True,13
60.301,49.55,17.950336456298828,19.152193069458008,-64.04261305446424,-3.1972926589793627,-11.103067576087165,-4.20562324086459,15.851074431395174,-11.109557109572322,-58.3599967956543,12.0,1816,1101,1658,90,True,13
60.352,49.387,18.080833435058594,19.19266128540039,-64.159511742109,-3.3167123267581005,-11.873635004096016,-4.05417788328472,15.89013799080577,-11.036341750538018,-58.369998931884766,12.0,1814,1100,1657,90,True,13
60.404,49.135,18.080833435058594,19.258153915405273,-64.32549216912949,-3.495285488173968,-13.04347821551089,-3.8251018762589553,15.950863495169061,-10.923105751835669,-55.38999938964844,12.0,1803,1100,1651,90,True,13
60.455,48.967,18.204092025756836,19.302400588989258,-64.42601206314457,-3.610648023585718,-13.808998133723103,-3.6438585377644355,15.99941930997868,-10.83401105675473,-55.38999938964844,12.0,1801,1100,1650,90,True,13
60.506,48.711,18.204092025756836,19.369049072265625,-64.56153667665596,-3.780018785755463,-14.956259885968267,-3.3635812982861393,16.043595265983033,-10.713710081129648,-51.97999954223633,12.0,1788,1101,1644,90,True,13
60.557,48.537,18.319793701171875,19.41364097595215,-64.63906615392477,-3.889764130905112,-15.719289346454364,-3.1269020100536804,16.078307994892327,-10.618368324279087,-51.98999786376953,12.0,1785,1100,1642,90,True,13
60.607,48.274,18.319793701171875,19.482730865478516,-64.73764627421556,-4.049118847543856,-16.862792787108727,-2.7889747723293032,16.136559263228783,-10.477685210397041,-48.369998931884766,12.0,1772,1100,1636,90,True,13
60.659,48.095,18.44685935974121,19.529314041137695,-64.78976744777194,-4.151523446883035,-17.623385577608424,-2.527486956370889,16.184242521371935,-10.380834835513554,-48.369998931884766,12.0,1769,1101,1634,90,True,13
60.711,47.639,18.587339401245117,19.645532608032227,-64.86958503841271,-4.392606499582859,-19.523764478306703,-1.874704859938437,16.25464298869455,-10.13469616216745,-44.709999084472656,12.0,1753,1100,1626,90,True,13
60.763,47.639,18.587339401245117,19.645532608032227,-64.86958503841271,-4.392606499582859,-19.523764478306703,-1.874704859938437,16.25464298869455,-10.13469616216745,-44.709999084472656,12.0,1753,1100,1626,90,True,13
60.815,47.173,18.694929122924805,19.763723373413086,-64.87806813336186,-4.611030399711166,-21.42392993559342,-1.2753207555503219,16.337474400306586,-9.925971557547385,-41.18000030517578,12.0,1741,1100,1620,90,True,13
60.866,47.173,18.694929122924805,19.763723373413086,-64.87806813336186,-4.611030399711166,-21.42392993559342,-1.2753207555503219,16.337474400306586,-9.925971557547385,-41.18000030517578,12.0,1741,1100,1620,90,True,13
60.919,46.694,18.835172653198242,19.880889892578125,-64.82957379025477,-4.810250369214336,-23.327346562925065,-0.9033516415591892,16.431830048595724,-9.806199067809333,-37.90999984741211,12.0,1738,1101,1619,90,True,13
60.971,46.694,18.835172653198242,19.880889892578125,-64.82957379025477,-4.810250369214336,-23.327346562925065,-0.9033516415591892,16.431830048595724,-9.806199067809333,-37.90999984741211,12.0,1738,1101,1619,90,True,13
61.022,46.205,18.95684242248535,19.99758529663086,-64.74831502969913,-4.996430653818305,-25.237951964358146,-0.7179643525900289,16.491351732117803,-9.751850398809895,-34.939998626708984,12.0,1736,1100,1618,90,True,13
61.073,45.906,18.95684242248535,20.066930770874023,-64.68909728959511,-5.102544045876801,-26.388642471566655,-0.6508240199356267,16.536226074964787,-9.722991142019298,-32.25,12.0,1735,1100,1617,90,True,13
61.123,45.706,19.075227737426758,20.112823486328125,-64.6464154374717,-5.171237392793735,-27.156842385254453,-0.6232143142371723,16.562119322108305,-9.70834294757056,-32.25,12.0,1734,1100,1617,90,True,13
61.174,45.404,19.075227737426758,20.178709030151367,-64.57787448915063,-5.270811305608765,-28.311767609748372,-0.583307866794315,16.61217265589345,-9.682101360779372,-29.779998779296875,12.0,1733,1100,1616,90,True,13
61.226,45.202,19.221466064453125,20.21935272216797,-64.52526837216318,-5.332886199219957,-29.090506505325497,-0.5698185633486572,16.65389998908035,-9.66971993536143,-29.779998779296875,12.0,1732,1101,1616,90,True,13
